TimeUTC,timestampInMs,requestPath,requestMethod,requestQueryString,responseStatusCode,requestId,requestUserAgent,level,environment,branch,vercelCache,type,function,host,deploymentDomain,deploymentId,durationMs,region,maxMemoryUsed,memorySize,message,projectId,traceId,sessionId,invocationId,instanceId,concurrency,workflowRunId,workflowStepId
2026-04-21 12:12:43,1776773563865,next-app-router-playground-cd97gca5h-forevershiningas-projects.vercel.app/xml/au_EN/motifs-engraved.xml,GET,,200,mg5lr-1776773563865-3066c1e74f77,"Mozilla/5.0 (X11; Linux x86_64) AppleWebKit/537.36 (KHTML, like Gecko) HeadlessChrome/141.0.7390.0 Safari/537.36",,production,main,HIT,middleware,middleware,next-app-router-playground-cd97gca5h-forevershiningas-projects.vercel.app,next-app-router-playground-cd97gca5h-forevershiningas-projects.vercel.app,dpl_7vfPc96z5pgCkEyRubEk2eL9fQ5j,11,sfo1,260,2048,,prj_4XYEkpiIe4d3j7IvblgD3WXyKZq1,,,01KPQZA1R5KCW9MBVSVN3WJ8FH,WaMbbdp17JGT,1,,
2026-04-21 12:12:43,1776773563865,next-app-router-playground-cd97gca5h-forevershiningas-projects.vercel.app/xml/au_EN/motifs-engraved.xml,GET,,200,mg5lr-1776773563865-3066c1e74f77,"Mozilla/5.0 (X11; Linux x86_64) AppleWebKit/537.36 (KHTML, like Gecko) HeadlessChrome/141.0.7390.0 Safari/537.36",,production,main,HIT,static,/xml/au_EN/motifs-engraved.xml,next-app-router-playground-cd97gca5h-forevershiningas-projects.vercel.app,next-app-router-playground-cd97gca5h-forevershiningas-projects.vercel.app,dpl_7vfPc96z5pgCkEyRubEk2eL9fQ5j,330,sfo1,,,,prj_4XYEkpiIe4d3j7IvblgD3WXyKZq1,,,,,,,
2026-04-21 12:12:43,1776773563806,next-app-router-playground-cd97gca5h-forevershiningas-projects.vercel.app/xml/au_EN/inscriptions.xml,GET,,200,fljc8-1776773563806-8fe16268e265,"Mozilla/5.0 (X11; Linux x86_64) AppleWebKit/537.36 (KHTML, like Gecko) HeadlessChrome/141.0.7390.0 Safari/537.36",,production,main,HIT,middleware,middleware,next-app-router-playground-cd97gca5h-forevershiningas-projects.vercel.app,next-app-router-playground-cd97gca5h-forevershiningas-projects.vercel.app,dpl_7vfPc96z5pgCkEyRubEk2eL9fQ5j,14,sfo1,259,2048,,prj_4XYEkpiIe4d3j7IvblgD3WXyKZq1,,,01KPQZA1D9ZT7Z3PDGFDFZBRHD,WaMbbdp17JGT,1,,
2026-04-21 12:12:43,1776773563806,next-app-router-playground-cd97gca5h-forevershiningas-projects.vercel.app/xml/au_EN/inscriptions.xml,GET,,200,fljc8-1776773563806-8fe16268e265,"Mozilla/5.0 (X11; Linux x86_64) AppleWebKit/537.36 (KHTML, like Gecko) HeadlessChrome/141.0.7390.0 Safari/537.36",,production,main,HIT,static,/xml/au_EN/inscriptions.xml,next-app-router-playground-cd97gca5h-forevershiningas-projects.vercel.app,next-app-router-playground-cd97gca5h-forevershiningas-projects.vercel.app,dpl_7vfPc96z5pgCkEyRubEk2eL9fQ5j,36,sfo1,,,,prj_4XYEkpiIe4d3j7IvblgD3WXyKZq1,,,,,,,
2026-04-21 12:12:43,1776773563474,next-app-router-playground-cd97gca5h-forevershiningas-projects.vercel.app/designs,GET,_rsc=3lb4g,200,zwxb9-1776773563474-e43c5901ee11,"Mozilla/5.0 (X11; Linux x86_64) AppleWebKit/537.36 (KHTML, like Gecko) HeadlessChrome/141.0.7390.0 Safari/537.36",,production,main,MISS,function,/designs.rsc,next-app-router-playground-cd97gca5h-forevershiningas-projects.vercel.app,next-app-router-playground-cd97gca5h-forevershiningas-projects.vercel.app,dpl_7vfPc96z5pgCkEyRubEk2eL9fQ5j,11,iad1,355,2048,,prj_4XYEkpiIe4d3j7IvblgD3WXyKZq1,,,01KPQZA14MWX9HPP6TQQSSRMHE,MhpUy0HYinyi,1,,
2026-04-21 12:12:43,1776773563474,next-app-router-playground-cd97gca5h-forevershiningas-projects.vercel.app/designs,GET,_rsc=3lb4g,200,zwxb9-1776773563474-e43c5901ee11,"Mozilla/5.0 (X11; Linux x86_64) AppleWebKit/537.36 (KHTML, like Gecko) HeadlessChrome/141.0.7390.0 Safari/537.36",,production,main,MISS,middleware,middleware,next-app-router-playground-cd97gca5h-forevershiningas-projects.vercel.app,next-app-router-playground-cd97gca5h-forevershiningas-projects.vercel.app,dpl_7vfPc96z5pgCkEyRubEk2eL9fQ5j,9,sfo1,259,2048,,prj_4XYEkpiIe4d3j7IvblgD3WXyKZq1,,,01KPQZA12ZSVTXXHR0K4YXT9NR,cTnv8I1gApMX,1,,
2026-04-21 12:12:45,1776773565596,next-app-router-playground-cd97gca5h-forevershiningas-projects.vercel.app/select-product,GET,_rsc=3lb4g,200,jtvxs-1776773563473-141112ded245,"Mozilla/5.0 (X11; Linux x86_64) AppleWebKit/537.36 (KHTML, like Gecko) HeadlessChrome/141.0.7390.0 Safari/537.36",error,production,main,PRERENDER,function,/select-product,next-app-router-playground-cd97gca5h-forevershiningas-projects.vercel.app,next-app-router-playground-cd97gca5h-forevershiningas-projects.vercel.app,dpl_7vfPc96z5pgCkEyRubEk2eL9fQ5j,,,,,"Failed to load languages XML: Error: ENOENT: no such file or directory, open '/var/task/public/xml/us_EN/languages24.xml'
    at async (.next/server/app/select-product/page.js:1:18413)
    at async D (.next/server/app/select-product/page.js:1:23324)
    at async (.next/server/app/select-product/page.js:1:24043) {
  errno: -2,
  code: 'ENOENT',
  syscall: 'open',
  path: '/var/task/public/xml/us_EN/languages24.xml'
}",prj_4XYEkpiIe4d3j7IvblgD3WXyKZq1,,,,,,,
2026-04-21 12:12:45,1776773565596,next-app-router-playground-cd97gca5h-forevershiningas-projects.vercel.app/select-product,GET,_rsc=3lb4g,200,jtvxs-1776773563473-141112ded245,"Mozilla/5.0 (X11; Linux x86_64) AppleWebKit/537.36 (KHTML, like Gecko) HeadlessChrome/141.0.7390.0 Safari/537.36",error,production,main,PRERENDER,function,/select-product,next-app-router-playground-cd97gca5h-forevershiningas-projects.vercel.app,next-app-router-playground-cd97gca5h-forevershiningas-projects.vercel.app,dpl_7vfPc96z5pgCkEyRubEk2eL9fQ5j,,,,,"Failed to load catalog XML for product 4: Error: ENOENT: no such file or directory, open '/var/task/public/xml/catalog-id-4.xml'
    at async (.next/server/app/select-product/page.js:1:18622)
    at async (.next/server/app/select-product/page.js:1:19920)
    at async (.next/server/app/select-product/page.js:1:21369)
    at async v (.next/server/app/select-product/page.js:1:21325)
    at async (.next/server/app/select-product/page.js:1:24043) {
  errno: -2,
  code: 'ENOENT',
  syscall: 'open',
  path: '/var/task/public/xml/catalog-id-4.xml'
}",prj_4XYEkpiIe4d3j7IvblgD3WXyKZq1,,,,,,,
2026-04-21 12:12:45,1776773565596,next-app-router-playground-cd97gca5h-forevershiningas-projects.vercel.app/select-product,GET,_rsc=3lb4g,200,jtvxs-1776773563473-141112ded245,"Mozilla/5.0 (X11; Linux x86_64) AppleWebKit/537.36 (KHTML, like Gecko) HeadlessChrome/141.0.7390.0 Safari/537.36",error,production,main,PRERENDER,function,/select-product,next-app-router-playground-cd97gca5h-forevershiningas-projects.vercel.app,next-app-router-playground-cd97gca5h-forevershiningas-projects.vercel.app,dpl_7vfPc96z5pgCkEyRubEk2eL9fQ5j,,,,,"Failed to load catalog XML for product 5: Error: ENOENT: no such file or directory, open '/var/task/public/xml/catalog-id-5.xml'
    at async (.next/server/app/select-product/page.js:1:18622)
    at async (.next/server/app/select-product/page.js:1:19920)
    at async (.next/server/app/select-product/page.js:1:21369)
    at async v (.next/server/app/select-product/page.js:1:21325)
    at async (.next/server/app/select-product/page.js:1:24043) {
  errno: -2,
  code: 'ENOENT',
  syscall: 'open',
  path: '/var/task/public/xml/catalog-id-5.xml'
}",prj_4XYEkpiIe4d3j7IvblgD3WXyKZq1,,,,,,,
2026-04-21 12:12:45,1776773565597,next-app-router-playground-cd97gca5h-forevershiningas-projects.vercel.app/select-product,GET,_rsc=3lb4g,200,jtvxs-1776773563473-141112ded245,"Mozilla/5.0 (X11; Linux x86_64) AppleWebKit/537.36 (KHTML, like Gecko) HeadlessChrome/141.0.7390.0 Safari/537.36",error,production,main,PRERENDER,function,/select-product,next-app-router-playground-cd97gca5h-forevershiningas-projects.vercel.app,next-app-router-playground-cd97gca5h-forevershiningas-projects.vercel.app,dpl_7vfPc96z5pgCkEyRubEk2eL9fQ5j,,,,,"Failed to load catalog XML for product 22: Error: ENOENT: no such file or directory, open '/var/task/public/xml/catalog-id-22.xml'
    at async (.next/server/app/select-product/page.js:1:18622)
    at async (.next/server/app/select-product/page.js:1:19920)
    at async (.next/server/app/select-product/page.js:1:21369)
    at async v (.next/server/app/select-product/page.js:1:21325)
    at async (.next/server/app/select-product/page.js:1:24043) {
  errno: -2,
  code: 'ENOENT',
  syscall: 'open',
  path: '/var/task/public/xml/catalog-id-22.xml'
}",prj_4XYEkpiIe4d3j7IvblgD3WXyKZq1,,,,,,,
2026-04-21 12:12:45,1776773565600,next-app-router-playground-cd97gca5h-forevershiningas-projects.vercel.app/select-product,GET,_rsc=3lb4g,200,jtvxs-1776773563473-141112ded245,"Mozilla/5.0 (X11; Linux x86_64) AppleWebKit/537.36 (KHTML, like Gecko) HeadlessChrome/141.0.7390.0 Safari/537.36",error,production,main,PRERENDER,function,/select-product,next-app-router-playground-cd97gca5h-forevershiningas-projects.vercel.app,next-app-router-playground-cd97gca5h-forevershiningas-projects.vercel.app,dpl_7vfPc96z5pgCkEyRubEk2eL9fQ5j,,,,,"Failed to load catalog XML for product 30: Error: ENOENT: no such file or directory, open '/var/task/public/xml/catalog-id-30.xml'
    at async (.next/server/app/select-product/page.js:1:18622)
    at async (.next/server/app/select-product/page.js:1:19920)
    at async (.next/server/app/select-product/page.js:1:21369)
    at async v (.next/server/app/select-product/page.js:1:21325)
    at async (.next/server/app/select-product/page.js:1:24043) {
  errno: -2,
  code: 'ENOENT',
  syscall: 'open',
  path: '/var/task/public/xml/catalog-id-30.xml'
}",prj_4XYEkpiIe4d3j7IvblgD3WXyKZq1,,,,,,,
2026-04-21 12:12:45,1776773565600,next-app-router-playground-cd97gca5h-forevershiningas-projects.vercel.app/select-product,GET,_rsc=3lb4g,200,jtvxs-1776773563473-141112ded245,"Mozilla/5.0 (X11; Linux x86_64) AppleWebKit/537.36 (KHTML, like Gecko) HeadlessChrome/141.0.7390.0 Safari/537.36",error,production,main,PRERENDER,function,/select-product,next-app-router-playground-cd97gca5h-forevershiningas-projects.vercel.app,next-app-router-playground-cd97gca5h-forevershiningas-projects.vercel.app,dpl_7vfPc96z5pgCkEyRubEk2eL9fQ5j,,,,,"Failed to load catalog XML for product 32: Error: ENOENT: no such file or directory, open '/var/task/public/xml/catalog-id-32.xml'
    at async (.next/server/app/select-product/page.js:1:18622)
    at async (.next/server/app/select-product/page.js:1:19920)
    at async (.next/server/app/select-product/page.js:1:21369)
    at async v (.next/server/app/select-product/page.js:1:21325)
    at async (.next/server/app/select-product/page.js:1:24043) {
  errno: -2,
  code: 'ENOENT',
  syscall: 'open',
  path: '/var/task/public/xml/catalog-id-32.xml'
}",prj_4XYEkpiIe4d3j7IvblgD3WXyKZq1,,,,,,,
2026-04-21 12:12:45,1776773565600,next-app-router-playground-cd97gca5h-forevershiningas-projects.vercel.app/select-product,GET,_rsc=3lb4g,200,jtvxs-1776773563473-141112ded245,"Mozilla/5.0 (X11; Linux x86_64) AppleWebKit/537.36 (KHTML, like Gecko) HeadlessChrome/141.0.7390.0 Safari/537.36",error,production,main,PRERENDER,function,/select-product,next-app-router-playground-cd97gca5h-forevershiningas-projects.vercel.app,next-app-router-playground-cd97gca5h-forevershiningas-projects.vercel.app,dpl_7vfPc96z5pgCkEyRubEk2eL9fQ5j,,,,,"Failed to load catalog XML for product 34: Error: ENOENT: no such file or directory, open '/var/task/public/xml/catalog-id-34.xml'
    at async (.next/server/app/select-product/page.js:1:18622)
    at async (.next/server/app/select-product/page.js:1:19920)
    at async (.next/server/app/select-product/page.js:1:21369)
    at async v (.next/server/app/select-product/page.js:1:21325)
    at async (.next/server/app/select-product/page.js:1:24043) {
  errno: -2,
  code: 'ENOENT',
  syscall: 'open',
  path: '/var/task/public/xml/catalog-id-34.xml'
}",prj_4XYEkpiIe4d3j7IvblgD3WXyKZq1,,,,,,,
2026-04-21 12:12:45,1776773565605,next-app-router-playground-cd97gca5h-forevershiningas-projects.vercel.app/select-product,GET,_rsc=3lb4g,200,jtvxs-1776773563473-141112ded245,"Mozilla/5.0 (X11; Linux x86_64) AppleWebKit/537.36 (KHTML, like Gecko) HeadlessChrome/141.0.7390.0 Safari/537.36",error,production,main,PRERENDER,function,/select-product,next-app-router-playground-cd97gca5h-forevershiningas-projects.vercel.app,next-app-router-playground-cd97gca5h-forevershiningas-projects.vercel.app,dpl_7vfPc96z5pgCkEyRubEk2eL9fQ5j,,,,,"Failed to load catalog XML for product 52: Error: ENOENT: no such file or directory, open '/var/task/public/xml/catalog-id-52.xml'
    at async (.next/server/app/select-product/page.js:1:18622)
    at async (.next/server/app/select-product/page.js:1:19920)
    at async (.next/server/app/select-product/page.js:1:21369)
    at async v (.next/server/app/select-product/page.js:1:21325)
    at async (.next/server/app/select-product/page.js:1:24043) {
  errno: -2,
  code: 'ENOENT',
  syscall: 'open',
  path: '/var/task/public/xml/catalog-id-52.xml'
}",prj_4XYEkpiIe4d3j7IvblgD3WXyKZq1,,,,,,,
2026-04-21 12:12:45,1776773565605,next-app-router-playground-cd97gca5h-forevershiningas-projects.vercel.app/select-product,GET,_rsc=3lb4g,200,jtvxs-1776773563473-141112ded245,"Mozilla/5.0 (X11; Linux x86_64) AppleWebKit/537.36 (KHTML, like Gecko) HeadlessChrome/141.0.7390.0 Safari/537.36",error,production,main,PRERENDER,function,/select-product,next-app-router-playground-cd97gca5h-forevershiningas-projects.vercel.app,next-app-router-playground-cd97gca5h-forevershiningas-projects.vercel.app,dpl_7vfPc96z5pgCkEyRubEk2eL9fQ5j,,,,,"Failed to load catalog XML for product 124: Error: ENOENT: no such file or directory, open '/var/task/public/xml/catalog-id-124.xml'
    at async (.next/server/app/select-product/page.js:1:18622)
    at async (.next/server/app/select-product/page.js:1:19920)
    at async (.next/server/app/select-product/page.js:1:21369)
    at async v (.next/server/app/select-product/page.js:1:21325)
    at async (.next/server/app/select-product/page.js:1:24043) {
  errno: -2,
  code: 'ENOENT',
  syscall: 'open',
  path: '/var/task/public/xml/catalog-id-124.xml'
}",prj_4XYEkpiIe4d3j7IvblgD3WXyKZq1,,,,,,,
2026-04-21 12:12:45,1776773565605,next-app-router-playground-cd97gca5h-forevershiningas-projects.vercel.app/select-product,GET,_rsc=3lb4g,200,jtvxs-1776773563473-141112ded245,"Mozilla/5.0 (X11; Linux x86_64) AppleWebKit/537.36 (KHTML, like Gecko) HeadlessChrome/141.0.7390.0 Safari/537.36",error,production,main,PRERENDER,function,/select-product,next-app-router-playground-cd97gca5h-forevershiningas-projects.vercel.app,next-app-router-playground-cd97gca5h-forevershiningas-projects.vercel.app,dpl_7vfPc96z5pgCkEyRubEk2eL9fQ5j,,,,,"Failed to load catalog XML for product 100: Error: ENOENT: no such file or directory, open '/var/task/public/xml/catalog-id-100.xml'
    at async (.next/server/app/select-product/page.js:1:18622)
    at async (.next/server/app/select-product/page.js:1:19920)
    at async (.next/server/app/select-product/page.js:1:21369)
    at async v (.next/server/app/select-product/page.js:1:21325)
    at async (.next/server/app/select-product/page.js:1:24043) {
  errno: -2,
  code: 'ENOENT',
  syscall: 'open',
  path: '/var/task/public/xml/catalog-id-100.xml'
}",prj_4XYEkpiIe4d3j7IvblgD3WXyKZq1,,,,,,,
2026-04-21 12:12:45,1776773565605,next-app-router-playground-cd97gca5h-forevershiningas-projects.vercel.app/select-product,GET,_rsc=3lb4g,200,jtvxs-1776773563473-141112ded245,"Mozilla/5.0 (X11; Linux x86_64) AppleWebKit/537.36 (KHTML, like Gecko) HeadlessChrome/141.0.7390.0 Safari/537.36",error,production,main,PRERENDER,function,/select-product,next-app-router-playground-cd97gca5h-forevershiningas-projects.vercel.app,next-app-router-playground-cd97gca5h-forevershiningas-projects.vercel.app,dpl_7vfPc96z5pgCkEyRubEk2eL9fQ5j,,,,,"Failed to load catalog XML for product 101: Error: ENOENT: no such file or directory, open '/var/task/public/xml/catalog-id-101.xml'
    at async (.next/server/app/select-product/page.js:1:18622)
    at async (.next/server/app/select-product/page.js:1:19920)
    at async (.next/server/app/select-product/page.js:1:21369)
    at async v (.next/server/app/select-product/page.js:1:21325)
    at async (.next/server/app/select-product/page.js:1:24043) {
  errno: -2,
  code: 'ENOENT',
  syscall: 'open',
  path: '/var/task/public/xml/catalog-id-101.xml'
}",prj_4XYEkpiIe4d3j7IvblgD3WXyKZq1,,,,,,,
2026-04-21 12:12:43,1776773563473,next-app-router-playground-cd97gca5h-forevershiningas-projects.vercel.app/select-product,GET,_rsc=3lb4g,200,jtvxs-1776773563473-141112ded245,"Mozilla/5.0 (X11; Linux x86_64) AppleWebKit/537.36 (KHTML, like Gecko) HeadlessChrome/141.0.7390.0 Safari/537.36",,production,main,PRERENDER,middleware,middleware,next-app-router-playground-cd97gca5h-forevershiningas-projects.vercel.app,next-app-router-playground-cd97gca5h-forevershiningas-projects.vercel.app,dpl_7vfPc96z5pgCkEyRubEk2eL9fQ5j,7,sfo1,259,2048,,prj_4XYEkpiIe4d3j7IvblgD3WXyKZq1,,,01KPQZA13KF1B2PAH0HZE9GR8J,cTnv8I1gApMX,1,,
2026-04-21 12:12:43,1776773563473,next-app-router-playground-cd97gca5h-forevershiningas-projects.vercel.app/select-product,GET,_rsc=3lb4g,200,jtvxs-1776773563473-141112ded245,"Mozilla/5.0 (X11; Linux x86_64) AppleWebKit/537.36 (KHTML, like Gecko) HeadlessChrome/141.0.7390.0 Safari/537.36",,production,main,PRERENDER,function,/select-product.rsc,next-app-router-playground-cd97gca5h-forevershiningas-projects.vercel.app,next-app-router-playground-cd97gca5h-forevershiningas-projects.vercel.app,dpl_7vfPc96z5pgCkEyRubEk2eL9fQ5j,3122,iad1,346,2048,,prj_4XYEkpiIe4d3j7IvblgD3WXyKZq1,,,01KPQZA1J80XHPEBPNM77C4XPF,TiI2erYHw6g1,1,,
2026-04-21 12:12:43,1776773563473,next-app-router-playground-cd97gca5h-forevershiningas-projects.vercel.app/select-product,GET,_rsc=3lb4g,200,jtvxs-1776773563473-141112ded245,"Mozilla/5.0 (X11; Linux x86_64) AppleWebKit/537.36 (KHTML, like Gecko) HeadlessChrome/141.0.7390.0 Safari/537.36",,production,main,PRERENDER,static,/select-product,next-app-router-playground-cd97gca5h-forevershiningas-projects.vercel.app,next-app-router-playground-cd97gca5h-forevershiningas-projects.vercel.app,dpl_7vfPc96z5pgCkEyRubEk2eL9fQ5j,154,sfo1,,,,prj_4XYEkpiIe4d3j7IvblgD3WXyKZq1,,,,,,,
2026-04-21 12:12:43,1776773563301,next-app-router-playground-cd97gca5h-forevershiningas-projects.vercel.app/xml/au_EN/motifs-engraved.xml,GET,,200,gqldl-1776773563301-48a3e4f6751a,"Mozilla/5.0 (X11; Linux x86_64) AppleWebKit/537.36 (KHTML, like Gecko) HeadlessChrome/141.0.7390.0 Safari/537.36",,production,main,HIT,middleware,middleware,next-app-router-playground-cd97gca5h-forevershiningas-projects.vercel.app,next-app-router-playground-cd97gca5h-forevershiningas-projects.vercel.app,dpl_7vfPc96z5pgCkEyRubEk2eL9fQ5j,9,sfo1,258,2048,,prj_4XYEkpiIe4d3j7IvblgD3WXyKZq1,,,01KPQZA0XRCBAD36H39QTXQM7Y,cTnv8I1gApMX,1,,
2026-04-21 12:12:43,1776773563301,next-app-router-playground-cd97gca5h-forevershiningas-projects.vercel.app/xml/au_EN/motifs-engraved.xml,GET,,200,gqldl-1776773563301-48a3e4f6751a,"Mozilla/5.0 (X11; Linux x86_64) AppleWebKit/537.36 (KHTML, like Gecko) HeadlessChrome/141.0.7390.0 Safari/537.36",,production,main,HIT,static,/xml/au_EN/motifs-engraved.xml,next-app-router-playground-cd97gca5h-forevershiningas-projects.vercel.app,next-app-router-playground-cd97gca5h-forevershiningas-projects.vercel.app,dpl_7vfPc96z5pgCkEyRubEk2eL9fQ5j,142,sfo1,,,,prj_4XYEkpiIe4d3j7IvblgD3WXyKZq1,,,,,,,
2026-04-21 12:12:43,1776773563296,next-app-router-playground-cd97gca5h-forevershiningas-projects.vercel.app/xml/au_EN/inscriptions.xml,GET,,200,6dsb4-1776773563296-bd222fdd6dff,"Mozilla/5.0 (X11; Linux x86_64) AppleWebKit/537.36 (KHTML, like Gecko) HeadlessChrome/141.0.7390.0 Safari/537.36",,production,main,HIT,middleware,middleware,next-app-router-playground-cd97gca5h-forevershiningas-projects.vercel.app,next-app-router-playground-cd97gca5h-forevershiningas-projects.vercel.app,dpl_7vfPc96z5pgCkEyRubEk2eL9fQ5j,8,sfo1,258,2048,,prj_4XYEkpiIe4d3j7IvblgD3WXyKZq1,,,01KPQZA0XB6AQCCERKRXA2MQYV,cTnv8I1gApMX,1,,
2026-04-21 12:12:43,1776773563296,next-app-router-playground-cd97gca5h-forevershiningas-projects.vercel.app/xml/au_EN/inscriptions.xml,GET,,200,6dsb4-1776773563296-bd222fdd6dff,"Mozilla/5.0 (X11; Linux x86_64) AppleWebKit/537.36 (KHTML, like Gecko) HeadlessChrome/141.0.7390.0 Safari/537.36",,production,main,HIT,static,/xml/au_EN/inscriptions.xml,next-app-router-playground-cd97gca5h-forevershiningas-projects.vercel.app,next-app-router-playground-cd97gca5h-forevershiningas-projects.vercel.app,dpl_7vfPc96z5pgCkEyRubEk2eL9fQ5j,29,sfo1,,,,prj_4XYEkpiIe4d3j7IvblgD3WXyKZq1,,,,,,,
2026-04-21 12:12:43,1776773563294,next-app-router-playground-cd97gca5h-forevershiningas-projects.vercel.app/xml/catalog-id-124.xml,GET,,200,drbww-1776773563294-94601e379f2f,"Mozilla/5.0 (X11; Linux x86_64) AppleWebKit/537.36 (KHTML, like Gecko) HeadlessChrome/141.0.7390.0 Safari/537.36",,production,main,HIT,middleware,middleware,next-app-router-playground-cd97gca5h-forevershiningas-projects.vercel.app,next-app-router-playground-cd97gca5h-forevershiningas-projects.vercel.app,dpl_7vfPc96z5pgCkEyRubEk2eL9fQ5j,480,sfo1,257,2048,,prj_4XYEkpiIe4d3j7IvblgD3WXyKZq1,,,01KPQZA0XB6AQCCERKS0BRV4VQ,WaMbbdp17JGT,1,,
2026-04-21 12:12:43,1776773563294,next-app-router-playground-cd97gca5h-forevershiningas-projects.vercel.app/xml/catalog-id-124.xml,GET,,200,drbww-1776773563294-94601e379f2f,"Mozilla/5.0 (X11; Linux x86_64) AppleWebKit/537.36 (KHTML, like Gecko) HeadlessChrome/141.0.7390.0 Safari/537.36",,production,main,HIT,static,/xml/catalog-id-124.xml,next-app-router-playground-cd97gca5h-forevershiningas-projects.vercel.app,next-app-router-playground-cd97gca5h-forevershiningas-projects.vercel.app,dpl_7vfPc96z5pgCkEyRubEk2eL9fQ5j,480,sfo1,,,,prj_4XYEkpiIe4d3j7IvblgD3WXyKZq1,,,,,,,
2026-04-21 12:12:43,1776773563256,next-app-router-playground-cd97gca5h-forevershiningas-projects.vercel.app/xml/au_EN/inscriptions.xml,GET,,200,lwvr7-1776773563256-d2a9a877625c,"Mozilla/5.0 (X11; Linux x86_64) AppleWebKit/537.36 (KHTML, like Gecko) HeadlessChrome/141.0.7390.0 Safari/537.36",,production,main,HIT,middleware,middleware,next-app-router-playground-cd97gca5h-forevershiningas-projects.vercel.app,next-app-router-playground-cd97gca5h-forevershiningas-projects.vercel.app,dpl_7vfPc96z5pgCkEyRubEk2eL9fQ5j,9,sfo1,257,2048,,prj_4XYEkpiIe4d3j7IvblgD3WXyKZq1,,,01KPQZA0VVGMT59GTX8WZ3K3JT,cTnv8I1gApMX,1,,
2026-04-21 12:12:43,1776773563256,next-app-router-playground-cd97gca5h-forevershiningas-projects.vercel.app/xml/au_EN/inscriptions.xml,GET,,200,lwvr7-1776773563256-d2a9a877625c,"Mozilla/5.0 (X11; Linux x86_64) AppleWebKit/537.36 (KHTML, like Gecko) HeadlessChrome/141.0.7390.0 Safari/537.36",,production,main,HIT,static,/xml/au_EN/inscriptions.xml,next-app-router-playground-cd97gca5h-forevershiningas-projects.vercel.app,next-app-router-playground-cd97gca5h-forevershiningas-projects.vercel.app,dpl_7vfPc96z5pgCkEyRubEk2eL9fQ5j,27,sfo1,,,,prj_4XYEkpiIe4d3j7IvblgD3WXyKZq1,,,,,,,
2026-04-21 12:12:44,1776773564468,next-app-router-playground-cd97gca5h-forevershiningas-projects.vercel.app/select-product,GET,_rsc=3lb4g,200,t2ngt-1776773563197-e51180fe74b2,"Mozilla/5.0 (X11; Linux x86_64) AppleWebKit/537.36 (KHTML, like Gecko) HeadlessChrome/141.0.7390.0 Safari/537.36",error,production,main,PRERENDER,function,/select-product,next-app-router-playground-cd97gca5h-forevershiningas-projects.vercel.app,next-app-router-playground-cd97gca5h-forevershiningas-projects.vercel.app,dpl_7vfPc96z5pgCkEyRubEk2eL9fQ5j,,,,,"Failed to load languages XML: Error: ENOENT: no such file or directory, open '/var/task/public/xml/us_EN/languages24.xml'
    at async (.next/server/app/select-product/page.js:1:18413)
    at async D (.next/server/app/select-product/page.js:1:23324)
    at async (.next/server/app/select-product/page.js:1:24043) {
  errno: -2,
  code: 'ENOENT',
  syscall: 'open',
  path: '/var/task/public/xml/us_EN/languages24.xml'
}",prj_4XYEkpiIe4d3j7IvblgD3WXyKZq1,,,,,,,
2026-04-21 12:12:44,1776773564469,next-app-router-playground-cd97gca5h-forevershiningas-projects.vercel.app/select-product,GET,_rsc=3lb4g,200,t2ngt-1776773563197-e51180fe74b2,"Mozilla/5.0 (X11; Linux x86_64) AppleWebKit/537.36 (KHTML, like Gecko) HeadlessChrome/141.0.7390.0 Safari/537.36",error,production,main,PRERENDER,function,/select-product,next-app-router-playground-cd97gca5h-forevershiningas-projects.vercel.app,next-app-router-playground-cd97gca5h-forevershiningas-projects.vercel.app,dpl_7vfPc96z5pgCkEyRubEk2eL9fQ5j,,,,,"Failed to load catalog XML for product 4: Error: ENOENT: no such file or directory, open '/var/task/public/xml/catalog-id-4.xml'
    at async (.next/server/app/select-product/page.js:1:18622)
    at async (.next/server/app/select-product/page.js:1:19920)
    at async (.next/server/app/select-product/page.js:1:21369)
    at async v (.next/server/app/select-product/page.js:1:21325)
    at async (.next/server/app/select-product/page.js:1:24043) {
  errno: -2,
  code: 'ENOENT',
  syscall: 'open',
  path: '/var/task/public/xml/catalog-id-4.xml'
}",prj_4XYEkpiIe4d3j7IvblgD3WXyKZq1,,,,,,,
2026-04-21 12:12:44,1776773564470,next-app-router-playground-cd97gca5h-forevershiningas-projects.vercel.app/select-product,GET,_rsc=3lb4g,200,t2ngt-1776773563197-e51180fe74b2,"Mozilla/5.0 (X11; Linux x86_64) AppleWebKit/537.36 (KHTML, like Gecko) HeadlessChrome/141.0.7390.0 Safari/537.36",error,production,main,PRERENDER,function,/select-product,next-app-router-playground-cd97gca5h-forevershiningas-projects.vercel.app,next-app-router-playground-cd97gca5h-forevershiningas-projects.vercel.app,dpl_7vfPc96z5pgCkEyRubEk2eL9fQ5j,,,,,"Failed to load catalog XML for product 5: Error: ENOENT: no such file or directory, open '/var/task/public/xml/catalog-id-5.xml'
    at async (.next/server/app/select-product/page.js:1:18622)
    at async (.next/server/app/select-product/page.js:1:19920)
    at async (.next/server/app/select-product/page.js:1:21369)
    at async v (.next/server/app/select-product/page.js:1:21325)
    at async (.next/server/app/select-product/page.js:1:24043) {
  errno: -2,
  code: 'ENOENT',
  syscall: 'open',
  path: '/var/task/public/xml/catalog-id-5.xml'
}",prj_4XYEkpiIe4d3j7IvblgD3WXyKZq1,,,,,,,
2026-04-21 12:12:44,1776773564471,next-app-router-playground-cd97gca5h-forevershiningas-projects.vercel.app/select-product,GET,_rsc=3lb4g,200,t2ngt-1776773563197-e51180fe74b2,"Mozilla/5.0 (X11; Linux x86_64) AppleWebKit/537.36 (KHTML, like Gecko) HeadlessChrome/141.0.7390.0 Safari/537.36",error,production,main,PRERENDER,function,/select-product,next-app-router-playground-cd97gca5h-forevershiningas-projects.vercel.app,next-app-router-playground-cd97gca5h-forevershiningas-projects.vercel.app,dpl_7vfPc96z5pgCkEyRubEk2eL9fQ5j,,,,,"Failed to load catalog XML for product 22: Error: ENOENT: no such file or directory, open '/var/task/public/xml/catalog-id-22.xml'
    at async (.next/server/app/select-product/page.js:1:18622)
    at async (.next/server/app/select-product/page.js:1:19920)
    at async (.next/server/app/select-product/page.js:1:21369)
    at async v (.next/server/app/select-product/page.js:1:21325)
    at async (.next/server/app/select-product/page.js:1:24043) {
  errno: -2,
  code: 'ENOENT',
  syscall: 'open',
  path: '/var/task/public/xml/catalog-id-22.xml'
}",prj_4XYEkpiIe4d3j7IvblgD3WXyKZq1,,,,,,,
2026-04-21 12:12:44,1776773564471,next-app-router-playground-cd97gca5h-forevershiningas-projects.vercel.app/select-product,GET,_rsc=3lb4g,200,t2ngt-1776773563197-e51180fe74b2,"Mozilla/5.0 (X11; Linux x86_64) AppleWebKit/537.36 (KHTML, like Gecko) HeadlessChrome/141.0.7390.0 Safari/537.36",error,production,main,PRERENDER,function,/select-product,next-app-router-playground-cd97gca5h-forevershiningas-projects.vercel.app,next-app-router-playground-cd97gca5h-forevershiningas-projects.vercel.app,dpl_7vfPc96z5pgCkEyRubEk2eL9fQ5j,,,,,"Failed to load catalog XML for product 30: Error: ENOENT: no such file or directory, open '/var/task/public/xml/catalog-id-30.xml'
    at async (.next/server/app/select-product/page.js:1:18622)
    at async (.next/server/app/select-product/page.js:1:19920)
    at async (.next/server/app/select-product/page.js:1:21369)
    at async v (.next/server/app/select-product/page.js:1:21325)
    at async (.next/server/app/select-product/page.js:1:24043) {
  errno: -2,
  code: 'ENOENT',
  syscall: 'open',
  path: '/var/task/public/xml/catalog-id-30.xml'
}",prj_4XYEkpiIe4d3j7IvblgD3WXyKZq1,,,,,,,
2026-04-21 12:12:44,1776773564472,next-app-router-playground-cd97gca5h-forevershiningas-projects.vercel.app/select-product,GET,_rsc=3lb4g,200,t2ngt-1776773563197-e51180fe74b2,"Mozilla/5.0 (X11; Linux x86_64) AppleWebKit/537.36 (KHTML, like Gecko) HeadlessChrome/141.0.7390.0 Safari/537.36",error,production,main,PRERENDER,function,/select-product,next-app-router-playground-cd97gca5h-forevershiningas-projects.vercel.app,next-app-router-playground-cd97gca5h-forevershiningas-projects.vercel.app,dpl_7vfPc96z5pgCkEyRubEk2eL9fQ5j,,,,,"Failed to load catalog XML for product 32: Error: ENOENT: no such file or directory, open '/var/task/public/xml/catalog-id-32.xml'
    at async (.next/server/app/select-product/page.js:1:18622)
    at async (.next/server/app/select-product/page.js:1:19920)
    at async (.next/server/app/select-product/page.js:1:21369)
    at async v (.next/server/app/select-product/page.js:1:21325)
    at async (.next/server/app/select-product/page.js:1:24043) {
  errno: -2,
  code: 'ENOENT',
  syscall: 'open',
  path: '/var/task/public/xml/catalog-id-32.xml'
}",prj_4XYEkpiIe4d3j7IvblgD3WXyKZq1,,,,,,,
2026-04-21 12:12:44,1776773564472,next-app-router-playground-cd97gca5h-forevershiningas-projects.vercel.app/select-product,GET,_rsc=3lb4g,200,t2ngt-1776773563197-e51180fe74b2,"Mozilla/5.0 (X11; Linux x86_64) AppleWebKit/537.36 (KHTML, like Gecko) HeadlessChrome/141.0.7390.0 Safari/537.36",error,production,main,PRERENDER,function,/select-product,next-app-router-playground-cd97gca5h-forevershiningas-projects.vercel.app,next-app-router-playground-cd97gca5h-forevershiningas-projects.vercel.app,dpl_7vfPc96z5pgCkEyRubEk2eL9fQ5j,,,,,"Failed to load catalog XML for product 34: Error: ENOENT: no such file or directory, open '/var/task/public/xml/catalog-id-34.xml'
    at async (.next/server/app/select-product/page.js:1:18622)
    at async (.next/server/app/select-product/page.js:1:19920)
    at async (.next/server/app/select-product/page.js:1:21369)
    at async v (.next/server/app/select-product/page.js:1:21325)
    at async (.next/server/app/select-product/page.js:1:24043) {
  errno: -2,
  code: 'ENOENT',
  syscall: 'open',
  path: '/var/task/public/xml/catalog-id-34.xml'
}",prj_4XYEkpiIe4d3j7IvblgD3WXyKZq1,,,,,,,
2026-04-21 12:12:44,1776773564473,next-app-router-playground-cd97gca5h-forevershiningas-projects.vercel.app/select-product,GET,_rsc=3lb4g,200,t2ngt-1776773563197-e51180fe74b2,"Mozilla/5.0 (X11; Linux x86_64) AppleWebKit/537.36 (KHTML, like Gecko) HeadlessChrome/141.0.7390.0 Safari/537.36",error,production,main,PRERENDER,function,/select-product,next-app-router-playground-cd97gca5h-forevershiningas-projects.vercel.app,next-app-router-playground-cd97gca5h-forevershiningas-projects.vercel.app,dpl_7vfPc96z5pgCkEyRubEk2eL9fQ5j,,,,,"Failed to load catalog XML for product 52: Error: ENOENT: no such file or directory, open '/var/task/public/xml/catalog-id-52.xml'
    at async (.next/server/app/select-product/page.js:1:18622)
    at async (.next/server/app/select-product/page.js:1:19920)
    at async (.next/server/app/select-product/page.js:1:21369)
    at async v (.next/server/app/select-product/page.js:1:21325)
    at async (.next/server/app/select-product/page.js:1:24043) {
  errno: -2,
  code: 'ENOENT',
  syscall: 'open',
  path: '/var/task/public/xml/catalog-id-52.xml'
}",prj_4XYEkpiIe4d3j7IvblgD3WXyKZq1,,,,,,,
2026-04-21 12:12:44,1776773564474,next-app-router-playground-cd97gca5h-forevershiningas-projects.vercel.app/select-product,GET,_rsc=3lb4g,200,t2ngt-1776773563197-e51180fe74b2,"Mozilla/5.0 (X11; Linux x86_64) AppleWebKit/537.36 (KHTML, like Gecko) HeadlessChrome/141.0.7390.0 Safari/537.36",error,production,main,PRERENDER,function,/select-product,next-app-router-playground-cd97gca5h-forevershiningas-projects.vercel.app,next-app-router-playground-cd97gca5h-forevershiningas-projects.vercel.app,dpl_7vfPc96z5pgCkEyRubEk2eL9fQ5j,,,,,"Failed to load catalog XML for product 124: Error: ENOENT: no such file or directory, open '/var/task/public/xml/catalog-id-124.xml'
    at async (.next/server/app/select-product/page.js:1:18622)
    at async (.next/server/app/select-product/page.js:1:19920)
    at async (.next/server/app/select-product/page.js:1:21369)
    at async v (.next/server/app/select-product/page.js:1:21325)
    at async (.next/server/app/select-product/page.js:1:24043) {
  errno: -2,
  code: 'ENOENT',
  syscall: 'open',
  path: '/var/task/public/xml/catalog-id-124.xml'
}",prj_4XYEkpiIe4d3j7IvblgD3WXyKZq1,,,,,,,
2026-04-21 12:12:44,1776773564475,next-app-router-playground-cd97gca5h-forevershiningas-projects.vercel.app/select-product,GET,_rsc=3lb4g,200,t2ngt-1776773563197-e51180fe74b2,"Mozilla/5.0 (X11; Linux x86_64) AppleWebKit/537.36 (KHTML, like Gecko) HeadlessChrome/141.0.7390.0 Safari/537.36",error,production,main,PRERENDER,function,/select-product,next-app-router-playground-cd97gca5h-forevershiningas-projects.vercel.app,next-app-router-playground-cd97gca5h-forevershiningas-projects.vercel.app,dpl_7vfPc96z5pgCkEyRubEk2eL9fQ5j,,,,,"Failed to load catalog XML for product 100: Error: ENOENT: no such file or directory, open '/var/task/public/xml/catalog-id-100.xml'
    at async (.next/server/app/select-product/page.js:1:18622)
    at async (.next/server/app/select-product/page.js:1:19920)
    at async (.next/server/app/select-product/page.js:1:21369)
    at async v (.next/server/app/select-product/page.js:1:21325)
    at async (.next/server/app/select-product/page.js:1:24043) {
  errno: -2,
  code: 'ENOENT',
  syscall: 'open',
  path: '/var/task/public/xml/catalog-id-100.xml'
}",prj_4XYEkpiIe4d3j7IvblgD3WXyKZq1,,,,,,,
2026-04-21 12:12:44,1776773564475,next-app-router-playground-cd97gca5h-forevershiningas-projects.vercel.app/select-product,GET,_rsc=3lb4g,200,t2ngt-1776773563197-e51180fe74b2,"Mozilla/5.0 (X11; Linux x86_64) AppleWebKit/537.36 (KHTML, like Gecko) HeadlessChrome/141.0.7390.0 Safari/537.36",error,production,main,PRERENDER,function,/select-product,next-app-router-playground-cd97gca5h-forevershiningas-projects.vercel.app,next-app-router-playground-cd97gca5h-forevershiningas-projects.vercel.app,dpl_7vfPc96z5pgCkEyRubEk2eL9fQ5j,,,,,"Failed to load catalog XML for product 101: Error: ENOENT: no such file or directory, open '/var/task/public/xml/catalog-id-101.xml'
    at async (.next/server/app/select-product/page.js:1:18622)
    at async (.next/server/app/select-product/page.js:1:19920)
    at async (.next/server/app/select-product/page.js:1:21369)
    at async v (.next/server/app/select-product/page.js:1:21325)
    at async (.next/server/app/select-product/page.js:1:24043) {
  errno: -2,
  code: 'ENOENT',
  syscall: 'open',
  path: '/var/task/public/xml/catalog-id-101.xml'
}",prj_4XYEkpiIe4d3j7IvblgD3WXyKZq1,,,,,,,
2026-04-21 12:12:43,1776773563197,next-app-router-playground-cd97gca5h-forevershiningas-projects.vercel.app/select-product,GET,_rsc=3lb4g,200,t2ngt-1776773563197-e51180fe74b2,"Mozilla/5.0 (X11; Linux x86_64) AppleWebKit/537.36 (KHTML, like Gecko) HeadlessChrome/141.0.7390.0 Safari/537.36",,production,main,PRERENDER,middleware,middleware,next-app-router-playground-cd97gca5h-forevershiningas-projects.vercel.app,next-app-router-playground-cd97gca5h-forevershiningas-projects.vercel.app,dpl_7vfPc96z5pgCkEyRubEk2eL9fQ5j,10,sfo1,257,2048,,prj_4XYEkpiIe4d3j7IvblgD3WXyKZq1,,,01KPQZA0T1H5ZE1H471ZCHPJTC,cTnv8I1gApMX,1,,
2026-04-21 12:12:43,1776773563197,next-app-router-playground-cd97gca5h-forevershiningas-projects.vercel.app/select-product,GET,_rsc=3lb4g,200,t2ngt-1776773563197-e51180fe74b2,"Mozilla/5.0 (X11; Linux x86_64) AppleWebKit/537.36 (KHTML, like Gecko) HeadlessChrome/141.0.7390.0 Safari/537.36",,production,main,PRERENDER,function,/select-product.rsc,next-app-router-playground-cd97gca5h-forevershiningas-projects.vercel.app,next-app-router-playground-cd97gca5h-forevershiningas-projects.vercel.app,dpl_7vfPc96z5pgCkEyRubEk2eL9fQ5j,2966,iad1,395,2048,,prj_4XYEkpiIe4d3j7IvblgD3WXyKZq1,,,01KPQZA1J1KA9ZKMBMZEZSTM4G,c6V1314PN52V,1,,
2026-04-21 12:12:43,1776773563197,next-app-router-playground-cd97gca5h-forevershiningas-projects.vercel.app/select-product,GET,_rsc=3lb4g,200,t2ngt-1776773563197-e51180fe74b2,"Mozilla/5.0 (X11; Linux x86_64) AppleWebKit/537.36 (KHTML, like Gecko) HeadlessChrome/141.0.7390.0 Safari/537.36",,production,main,PRERENDER,static,/select-product,next-app-router-playground-cd97gca5h-forevershiningas-projects.vercel.app,next-app-router-playground-cd97gca5h-forevershiningas-projects.vercel.app,dpl_7vfPc96z5pgCkEyRubEk2eL9fQ5j,377,sfo1,,,,prj_4XYEkpiIe4d3j7IvblgD3WXyKZq1,,,,,,,
2026-04-21 12:12:43,1776773563197,next-app-router-playground-cd97gca5h-forevershiningas-projects.vercel.app/designs,GET,_rsc=3lb4g,200,qphhw-1776773563197-2d04f74fd668,"Mozilla/5.0 (X11; Linux x86_64) AppleWebKit/537.36 (KHTML, like Gecko) HeadlessChrome/141.0.7390.0 Safari/537.36",,production,main,MISS,function,/designs.rsc,next-app-router-playground-cd97gca5h-forevershiningas-projects.vercel.app,next-app-router-playground-cd97gca5h-forevershiningas-projects.vercel.app,dpl_7vfPc96z5pgCkEyRubEk2eL9fQ5j,146,iad1,381,2048,,prj_4XYEkpiIe4d3j7IvblgD3WXyKZq1,,,01KPQZA104NYEZ2605344WJVYY,MhpUy0HYinyi,1,,
2026-04-21 12:12:43,1776773563197,next-app-router-playground-cd97gca5h-forevershiningas-projects.vercel.app/designs,GET,_rsc=3lb4g,200,qphhw-1776773563197-2d04f74fd668,"Mozilla/5.0 (X11; Linux x86_64) AppleWebKit/537.36 (KHTML, like Gecko) HeadlessChrome/141.0.7390.0 Safari/537.36",,production,main,MISS,middleware,middleware,next-app-router-playground-cd97gca5h-forevershiningas-projects.vercel.app,next-app-router-playground-cd97gca5h-forevershiningas-projects.vercel.app,dpl_7vfPc96z5pgCkEyRubEk2eL9fQ5j,8,sfo1,257,2048,,prj_4XYEkpiIe4d3j7IvblgD3WXyKZq1,,,01KPQZA0TAKCFY9DGQMK7YENPZ,cTnv8I1gApMX,1,,
2026-04-21 12:12:43,1776773563078,next-app-router-playground-cd97gca5h-forevershiningas-projects.vercel.app/xml/au_EN/inscriptions.xml,GET,,200,lwvr7-1776773563078-d70c4f8fd4f8,"Mozilla/5.0 (X11; Linux x86_64) AppleWebKit/537.36 (KHTML, like Gecko) HeadlessChrome/141.0.7390.0 Safari/537.36",,production,main,HIT,middleware,middleware,next-app-router-playground-cd97gca5h-forevershiningas-projects.vercel.app,next-app-router-playground-cd97gca5h-forevershiningas-projects.vercel.app,dpl_7vfPc96z5pgCkEyRubEk2eL9fQ5j,8,sfo1,257,2048,,prj_4XYEkpiIe4d3j7IvblgD3WXyKZq1,,,01KPQZA0PK8W0VTZ5EBCSZKVMK,cTnv8I1gApMX,1,,
2026-04-21 12:12:43,1776773563078,next-app-router-playground-cd97gca5h-forevershiningas-projects.vercel.app/xml/au_EN/inscriptions.xml,GET,,200,lwvr7-1776773563078-d70c4f8fd4f8,"Mozilla/5.0 (X11; Linux x86_64) AppleWebKit/537.36 (KHTML, like Gecko) HeadlessChrome/141.0.7390.0 Safari/537.36",,production,main,HIT,static,/xml/au_EN/inscriptions.xml,next-app-router-playground-cd97gca5h-forevershiningas-projects.vercel.app,next-app-router-playground-cd97gca5h-forevershiningas-projects.vercel.app,dpl_7vfPc96z5pgCkEyRubEk2eL9fQ5j,151,sfo1,,,,prj_4XYEkpiIe4d3j7IvblgD3WXyKZq1,,,,,,,
2026-04-21 12:12:43,1776773563078,next-app-router-playground-cd97gca5h-forevershiningas-projects.vercel.app/xml/catalog-id-124.xml,GET,,200,9fbff-1776773563078-1c8fd6ffe778,"Mozilla/5.0 (X11; Linux x86_64) AppleWebKit/537.36 (KHTML, like Gecko) HeadlessChrome/141.0.7390.0 Safari/537.36",,production,main,HIT,middleware,middleware,next-app-router-playground-cd97gca5h-forevershiningas-projects.vercel.app,next-app-router-playground-cd97gca5h-forevershiningas-projects.vercel.app,dpl_7vfPc96z5pgCkEyRubEk2eL9fQ5j,12,sfo1,256,2048,,prj_4XYEkpiIe4d3j7IvblgD3WXyKZq1,,,01KPQZA0PG8TCST6K940C7YAFR,cTnv8I1gApMX,1,,
2026-04-21 12:12:43,1776773563078,next-app-router-playground-cd97gca5h-forevershiningas-projects.vercel.app/xml/catalog-id-124.xml,GET,,200,9fbff-1776773563078-1c8fd6ffe778,"Mozilla/5.0 (X11; Linux x86_64) AppleWebKit/537.36 (KHTML, like Gecko) HeadlessChrome/141.0.7390.0 Safari/537.36",,production,main,HIT,static,/xml/catalog-id-124.xml,next-app-router-playground-cd97gca5h-forevershiningas-projects.vercel.app,next-app-router-playground-cd97gca5h-forevershiningas-projects.vercel.app,dpl_7vfPc96z5pgCkEyRubEk2eL9fQ5j,164,sfo1,,,,prj_4XYEkpiIe4d3j7IvblgD3WXyKZq1,,,,,,,
2026-04-21 12:12:42,1776773562296,next-app-router-playground-cd97gca5h-forevershiningas-projects.vercel.app/,GET,,200,588lp-1776773562296-31db46a2578e,"Mozilla/5.0 (X11; Linux x86_64) AppleWebKit/537.36 (KHTML, like Gecko) HeadlessChrome/141.0.7390.0 Safari/537.36",,production,main,HIT,middleware,middleware,next-app-router-playground-cd97gca5h-forevershiningas-projects.vercel.app,next-app-router-playground-cd97gca5h-forevershiningas-projects.vercel.app,dpl_7vfPc96z5pgCkEyRubEk2eL9fQ5j,12,sfo1,255,2048,,prj_4XYEkpiIe4d3j7IvblgD3WXyKZq1,,,01KPQZ9ZYQ6FD5M3ZA1EJP4SEP,cTnv8I1gApMX,1,,
2026-04-21 12:12:42,1776773562296,next-app-router-playground-cd97gca5h-forevershiningas-projects.vercel.app/,GET,,200,588lp-1776773562296-31db46a2578e,"Mozilla/5.0 (X11; Linux x86_64) AppleWebKit/537.36 (KHTML, like Gecko) HeadlessChrome/141.0.7390.0 Safari/537.36",,production,main,HIT,static,/,next-app-router-playground-cd97gca5h-forevershiningas-projects.vercel.app,next-app-router-playground-cd97gca5h-forevershiningas-projects.vercel.app,dpl_7vfPc96z5pgCkEyRubEk2eL9fQ5j,64,sfo1,,,,prj_4XYEkpiIe4d3j7IvblgD3WXyKZq1,,,,,,,
2026-04-21 12:12:41,1776773561137,next-app-router-playground-cd97gca5h-forevershiningas-projects.vercel.app/,GET,,200,7n7mm-1776773561137-20b4b3bca37b,"Mozilla/5.0 (X11; Linux x86_64) AppleWebKit/537.36 (KHTML, like Gecko) HeadlessChrome/141.0.7390.0 Safari/537.36",,production,main,HIT,middleware,middleware,next-app-router-playground-cd97gca5h-forevershiningas-projects.vercel.app,next-app-router-playground-cd97gca5h-forevershiningas-projects.vercel.app,dpl_7vfPc96z5pgCkEyRubEk2eL9fQ5j,71,sfo1,255,2048,,prj_4XYEkpiIe4d3j7IvblgD3WXyKZq1,,,01KPQZ9YTX5BHYV0768XCXHEFG,cTnv8I1gApMX,1,,
2026-04-21 12:12:41,1776773561137,next-app-router-playground-cd97gca5h-forevershiningas-projects.vercel.app/,GET,,200,7n7mm-1776773561137-20b4b3bca37b,"Mozilla/5.0 (X11; Linux x86_64) AppleWebKit/537.36 (KHTML, like Gecko) HeadlessChrome/141.0.7390.0 Safari/537.36",,production,main,HIT,static,/,next-app-router-playground-cd97gca5h-forevershiningas-projects.vercel.app,next-app-router-playground-cd97gca5h-forevershiningas-projects.vercel.app,dpl_7vfPc96z5pgCkEyRubEk2eL9fQ5j,125,sfo1,,,,prj_4XYEkpiIe4d3j7IvblgD3WXyKZq1,,,,,,,
2026-04-21 12:07:07,1776773227384,forevershining.org/my-account/designs/2d154b9f-b65c-4b1e-bc0f-92c846d0e4d0,GET,_rsc=e8spb,200,cx6qc-1776773227384-8fa51d4666fd,"Mozilla/5.0 (Windows NT 10.0; Win64; x64) AppleWebKit/537.36 (KHTML, like Gecko) Chrome/147.0.0.0 Safari/537.36",,production,main,MISS,middleware,middleware,forevershining.org,next-app-router-playground-64118899t-forevershiningas-projects.vercel.app,dpl_FmFybDuJ2HRke53Hh61YZwPgNqxM,13,arn1,251,2048,,prj_4XYEkpiIe4d3j7IvblgD3WXyKZq1,,,01KPQYZRW4C3N8PVFXSSSDXW2S,vBBtQQg5YpDK,1,,
2026-04-21 12:07:07,1776773227384,forevershining.org/my-account/designs/2d154b9f-b65c-4b1e-bc0f-92c846d0e4d0,GET,_rsc=e8spb,200,cx6qc-1776773227384-8fa51d4666fd,"Mozilla/5.0 (Windows NT 10.0; Win64; x64) AppleWebKit/537.36 (KHTML, like Gecko) Chrome/147.0.0.0 Safari/537.36",,production,main,MISS,function,/my-account/designs/[id].rsc,forevershining.org,next-app-router-playground-64118899t-forevershiningas-projects.vercel.app,dpl_FmFybDuJ2HRke53Hh61YZwPgNqxM,9,iad1,289,2048,,prj_4XYEkpiIe4d3j7IvblgD3WXyKZq1,,,01KPQYZRYPQJD58J3CEME5FHW5,epIzle6nu2t5,1,,
2026-04-21 12:07:07,1776773227382,forevershining.org/my-account/designs/2d154b9f-b65c-4b1e-bc0f-92c846d0e4d0/buy,GET,_rsc=e8spb,200,vzlvl-1776773227373-0a5bb846c44e,"Mozilla/5.0 (Windows NT 10.0; Win64; x64) AppleWebKit/537.36 (KHTML, like Gecko) Chrome/147.0.0.0 Safari/537.36",info,production,main,MISS,middleware,/my-account/designs/[id]/buy,forevershining.org,forevershining.org,dpl_FmFybDuJ2HRke53Hh61YZwPgNqxM,,,,,[designs] / status=200,prj_4XYEkpiIe4d3j7IvblgD3WXyKZq1,,,,,,,
2026-04-21 12:07:07,1776773227373,forevershining.org/my-account/designs/2d154b9f-b65c-4b1e-bc0f-92c846d0e4d0/buy,GET,_rsc=e8spb,200,vzlvl-1776773227373-0a5bb846c44e,"Mozilla/5.0 (Windows NT 10.0; Win64; x64) AppleWebKit/537.36 (KHTML, like Gecko) Chrome/147.0.0.0 Safari/537.36",,production,main,MISS,middleware,middleware,forevershining.org,forevershining.org,dpl_FmFybDuJ2HRke53Hh61YZwPgNqxM,10,arn1,259,2048,,prj_4XYEkpiIe4d3j7IvblgD3WXyKZq1,,,01KPQYZRVP963E1R5ZH9ZA04ER,aYUaDrUnrttq,1,,
2026-04-21 12:07:07,1776773227373,forevershining.org/my-account/designs/2d154b9f-b65c-4b1e-bc0f-92c846d0e4d0/buy,GET,_rsc=e8spb,200,vzlvl-1776773227373-0a5bb846c44e,"Mozilla/5.0 (Windows NT 10.0; Win64; x64) AppleWebKit/537.36 (KHTML, like Gecko) Chrome/147.0.0.0 Safari/537.36",,production,main,MISS,function,/my-account/designs/[id]/buy.rsc,forevershining.org,forevershining.org,dpl_FmFybDuJ2HRke53Hh61YZwPgNqxM,23,iad1,289,2048,,prj_4XYEkpiIe4d3j7IvblgD3WXyKZq1,,,01KPQYZRY3TQ63DHDBSN9EBB1M,wLIQhc6CYjj1,1,,
2026-04-21 12:07:07,1776773227359,forevershining.org/my-account/designs/e66f3fe8-ddf6-4c0d-8bee-5ebb3568e96b,GET,_rsc=e8spb,200,4xspf-1776773227359-226e92e67307,"Mozilla/5.0 (Windows NT 10.0; Win64; x64) AppleWebKit/537.36 (KHTML, like Gecko) Chrome/147.0.0.0 Safari/537.36",,production,main,MISS,middleware,middleware,forevershining.org,next-app-router-playground-64118899t-forevershiningas-projects.vercel.app,dpl_FmFybDuJ2HRke53Hh61YZwPgNqxM,38,arn1,260,2048,,prj_4XYEkpiIe4d3j7IvblgD3WXyKZq1,,,01KPQYZRV5M03WJ33NWK7GCX3M,Jq6w9ENTtbZA,1,,
2026-04-21 12:07:07,1776773227359,forevershining.org/my-account/designs/e66f3fe8-ddf6-4c0d-8bee-5ebb3568e96b,GET,_rsc=e8spb,200,4xspf-1776773227359-226e92e67307,"Mozilla/5.0 (Windows NT 10.0; Win64; x64) AppleWebKit/537.36 (KHTML, like Gecko) Chrome/147.0.0.0 Safari/537.36",,production,main,MISS,function,/my-account/designs/[id].rsc,forevershining.org,next-app-router-playground-64118899t-forevershiningas-projects.vercel.app,dpl_FmFybDuJ2HRke53Hh61YZwPgNqxM,65,iad1,284,2048,,prj_4XYEkpiIe4d3j7IvblgD3WXyKZq1,,,01KPQYZRYGZ1B6KQJ58W2BX1D0,sdQ5JDv0ki6x,1,,
2026-04-21 12:07:07,1776773227192,forevershining.org/my-account/designs/e66f3fe8-ddf6-4c0d-8bee-5ebb3568e96b/buy,GET,_rsc=e8spb,200,267l7-1776773227177-a1340edfd22e,"Mozilla/5.0 (Windows NT 10.0; Win64; x64) AppleWebKit/537.36 (KHTML, like Gecko) Chrome/147.0.0.0 Safari/537.36",info,production,main,MISS,middleware,/my-account/designs/[id]/buy,forevershining.org,forevershining.org,dpl_FmFybDuJ2HRke53Hh61YZwPgNqxM,,,,,[designs] / status=200,prj_4XYEkpiIe4d3j7IvblgD3WXyKZq1,,,,,,,
2026-04-21 12:07:07,1776773227177,forevershining.org/my-account/designs/e66f3fe8-ddf6-4c0d-8bee-5ebb3568e96b/buy,GET,_rsc=e8spb,200,267l7-1776773227177-a1340edfd22e,"Mozilla/5.0 (Windows NT 10.0; Win64; x64) AppleWebKit/537.36 (KHTML, like Gecko) Chrome/147.0.0.0 Safari/537.36",,production,main,MISS,middleware,middleware,forevershining.org,forevershining.org,dpl_FmFybDuJ2HRke53Hh61YZwPgNqxM,10,arn1,259,2048,,prj_4XYEkpiIe4d3j7IvblgD3WXyKZq1,,,01KPQYZRNSYZ7FV02X8SM35MHF,Jq6w9ENTtbZA,1,,
2026-04-21 12:07:07,1776773227177,forevershining.org/my-account/designs/e66f3fe8-ddf6-4c0d-8bee-5ebb3568e96b/buy,GET,_rsc=e8spb,200,267l7-1776773227177-a1340edfd22e,"Mozilla/5.0 (Windows NT 10.0; Win64; x64) AppleWebKit/537.36 (KHTML, like Gecko) Chrome/147.0.0.0 Safari/537.36",,production,main,MISS,function,/my-account/designs/[id]/buy.rsc,forevershining.org,forevershining.org,dpl_FmFybDuJ2HRke53Hh61YZwPgNqxM,15,iad1,289,2048,,prj_4XYEkpiIe4d3j7IvblgD3WXyKZq1,,,01KPQYZRR77DG62REWYY2NN2DJ,epIzle6nu2t5,1,,
2026-04-21 12:07:06,1776773226973,forevershining.org/my-account/designs/79f37f84-e01e-48fe-9a1e-02add527c658,GET,_rsc=e8spb,200,bjjtn-1776773226973-affbd62e87de,"Mozilla/5.0 (Windows NT 10.0; Win64; x64) AppleWebKit/537.36 (KHTML, like Gecko) Chrome/147.0.0.0 Safari/537.36",,production,main,MISS,middleware,middleware,forevershining.org,next-app-router-playground-64118899t-forevershiningas-projects.vercel.app,dpl_FmFybDuJ2HRke53Hh61YZwPgNqxM,9,arn1,258,2048,,prj_4XYEkpiIe4d3j7IvblgD3WXyKZq1,,,01KPQYZRF2S1ZMPH59BJR82NM6,Jq6w9ENTtbZA,1,,
2026-04-21 12:07:06,1776773226973,forevershining.org/my-account/designs/79f37f84-e01e-48fe-9a1e-02add527c658,GET,_rsc=e8spb,200,bjjtn-1776773226973-affbd62e87de,"Mozilla/5.0 (Windows NT 10.0; Win64; x64) AppleWebKit/537.36 (KHTML, like Gecko) Chrome/147.0.0.0 Safari/537.36",,production,main,MISS,function,/my-account/designs/[id].rsc,forevershining.org,next-app-router-playground-64118899t-forevershiningas-projects.vercel.app,dpl_FmFybDuJ2HRke53Hh61YZwPgNqxM,17,iad1,288,2048,,prj_4XYEkpiIe4d3j7IvblgD3WXyKZq1,,,01KPQYZRHJH5PHAWD70CVQ890S,epIzle6nu2t5,1,,
2026-04-21 12:07:06,1776773226809,forevershining.org/my-account/designs/79f37f84-e01e-48fe-9a1e-02add527c658/buy,GET,_rsc=e8spb,200,m7bxl-1776773226797-16bd99311875,"Mozilla/5.0 (Windows NT 10.0; Win64; x64) AppleWebKit/537.36 (KHTML, like Gecko) Chrome/147.0.0.0 Safari/537.36",info,production,main,MISS,middleware,/my-account/designs/[id]/buy,forevershining.org,forevershining.org,dpl_FmFybDuJ2HRke53Hh61YZwPgNqxM,,,,,[designs] / status=200,prj_4XYEkpiIe4d3j7IvblgD3WXyKZq1,,,,,,,
2026-04-21 12:07:06,1776773226797,forevershining.org/my-account/designs/79f37f84-e01e-48fe-9a1e-02add527c658/buy,GET,_rsc=e8spb,200,m7bxl-1776773226797-16bd99311875,"Mozilla/5.0 (Windows NT 10.0; Win64; x64) AppleWebKit/537.36 (KHTML, like Gecko) Chrome/147.0.0.0 Safari/537.36",,production,main,MISS,function,/my-account/designs/[id]/buy.rsc,forevershining.org,forevershining.org,dpl_FmFybDuJ2HRke53Hh61YZwPgNqxM,746,iad1,282,2048,,prj_4XYEkpiIe4d3j7IvblgD3WXyKZq1,,,01KPQYZRCCSF29YN8F6AXB7CE4,q3o0sYOi55cS,1,,
2026-04-21 12:07:06,1776773226797,forevershining.org/my-account/designs/79f37f84-e01e-48fe-9a1e-02add527c658/buy,GET,_rsc=e8spb,200,m7bxl-1776773226797-16bd99311875,"Mozilla/5.0 (Windows NT 10.0; Win64; x64) AppleWebKit/537.36 (KHTML, like Gecko) Chrome/147.0.0.0 Safari/537.36",,production,main,MISS,middleware,middleware,forevershining.org,forevershining.org,dpl_FmFybDuJ2HRke53Hh61YZwPgNqxM,9,arn1,258,2048,,prj_4XYEkpiIe4d3j7IvblgD3WXyKZq1,,,01KPQYZR9SQK9QE6W2NM4AEWWQ,Jq6w9ENTtbZA,1,,
2026-04-21 12:07:06,1776773226696,forevershining.org/my-account/designs/4081e18c-71ec-4195-be1d-64160e4d9d0f,GET,_rsc=e8spb&nxtPid=4081e18c-71ec-4195-be1d-64160e4d9d0f,200,dln8h-1776773226696-98cc69e629cd,"Mozilla/5.0 (Windows NT 10.0; Win64; x64) AppleWebKit/537.36 (KHTML, like Gecko) Chrome/147.0.0.0 Safari/537.36",,production,main,MISS,function,/my-account/designs/[id].rsc,forevershining.org,next-app-router-playground-64118899t-forevershiningas-projects.vercel.app,dpl_FmFybDuJ2HRke53Hh61YZwPgNqxM,80,iad1,287,2048,,prj_4XYEkpiIe4d3j7IvblgD3WXyKZq1,,,01KPQYZR9F2B4YYVJK2NK3WGPR,epIzle6nu2t5,1,,
2026-04-21 12:07:06,1776773226696,forevershining.org/my-account/designs/4081e18c-71ec-4195-be1d-64160e4d9d0f,GET,_rsc=e8spb&nxtPid=4081e18c-71ec-4195-be1d-64160e4d9d0f,200,dln8h-1776773226696-98cc69e629cd,"Mozilla/5.0 (Windows NT 10.0; Win64; x64) AppleWebKit/537.36 (KHTML, like Gecko) Chrome/147.0.0.0 Safari/537.36",,production,main,MISS,middleware,middleware,forevershining.org,next-app-router-playground-64118899t-forevershiningas-projects.vercel.app,dpl_FmFybDuJ2HRke53Hh61YZwPgNqxM,10,arn1,258,2048,,prj_4XYEkpiIe4d3j7IvblgD3WXyKZq1,,,01KPQYZR6YMBQ9BVPHH7KEM0KW,Jq6w9ENTtbZA,1,,
2026-04-21 12:07:06,1776773226143,forevershining.org/my-account/designs/3e080b09-cb8f-4c02-9618-427a44762e87/buy,GET,_rsc=e8spb,200,wzhgt-1776773226133-f08817446f8e,"Mozilla/5.0 (Windows NT 10.0; Win64; x64) AppleWebKit/537.36 (KHTML, like Gecko) Chrome/147.0.0.0 Safari/537.36",info,production,main,MISS,middleware,/my-account/designs/[id]/buy,forevershining.org,forevershining.org,dpl_FmFybDuJ2HRke53Hh61YZwPgNqxM,,,,,[designs] / status=200,prj_4XYEkpiIe4d3j7IvblgD3WXyKZq1,,,,,,,
2026-04-21 12:07:06,1776773226133,forevershining.org/my-account/designs/3e080b09-cb8f-4c02-9618-427a44762e87/buy,GET,_rsc=e8spb,200,wzhgt-1776773226133-f08817446f8e,"Mozilla/5.0 (Windows NT 10.0; Win64; x64) AppleWebKit/537.36 (KHTML, like Gecko) Chrome/147.0.0.0 Safari/537.36",,production,main,MISS,middleware,middleware,forevershining.org,forevershining.org,dpl_FmFybDuJ2HRke53Hh61YZwPgNqxM,9,arn1,258,2048,,prj_4XYEkpiIe4d3j7IvblgD3WXyKZq1,,,01KPQYZQMZK00M7CTWFCDP2TMX,aYUaDrUnrttq,1,,
2026-04-21 12:07:06,1776773226133,forevershining.org/my-account/designs/3e080b09-cb8f-4c02-9618-427a44762e87/buy,GET,_rsc=e8spb,200,wzhgt-1776773226133-f08817446f8e,"Mozilla/5.0 (Windows NT 10.0; Win64; x64) AppleWebKit/537.36 (KHTML, like Gecko) Chrome/147.0.0.0 Safari/537.36",,production,main,MISS,function,/my-account/designs/[id]/buy.rsc,forevershining.org,forevershining.org,dpl_FmFybDuJ2HRke53Hh61YZwPgNqxM,451,iad1,288,2048,,prj_4XYEkpiIe4d3j7IvblgD3WXyKZq1,,,01KPQYZQQEGJ96DPQW3A8341CP,epIzle6nu2t5,1,,
2026-04-21 12:07:06,1776773226133,forevershining.org/my-account/designs/3e080b09-cb8f-4c02-9618-427a44762e87,GET,_rsc=e8spb,200,kbzzl-1776773226133-399cbba847bd,"Mozilla/5.0 (Windows NT 10.0; Win64; x64) AppleWebKit/537.36 (KHTML, like Gecko) Chrome/147.0.0.0 Safari/537.36",,production,main,MISS,middleware,middleware,forevershining.org,next-app-router-playground-64118899t-forevershiningas-projects.vercel.app,dpl_FmFybDuJ2HRke53Hh61YZwPgNqxM,486,arn1,255,2048,,prj_4XYEkpiIe4d3j7IvblgD3WXyKZq1,,,01KPQYZQN0VBBZRAK3DB34N1WB,Jq6w9ENTtbZA,1,,
2026-04-21 12:07:06,1776773226133,forevershining.org/my-account/designs/3e080b09-cb8f-4c02-9618-427a44762e87,GET,_rsc=e8spb,200,kbzzl-1776773226133-399cbba847bd,"Mozilla/5.0 (Windows NT 10.0; Win64; x64) AppleWebKit/537.36 (KHTML, like Gecko) Chrome/147.0.0.0 Safari/537.36",,production,main,MISS,function,/my-account/designs/[id].rsc,forevershining.org,next-app-router-playground-64118899t-forevershiningas-projects.vercel.app,dpl_FmFybDuJ2HRke53Hh61YZwPgNqxM,779,iad1,287,2048,,prj_4XYEkpiIe4d3j7IvblgD3WXyKZq1,,,01KPQYZQR63JND0CRSZZNY2KZ3,rNRX8OOZNQvv,1,,
2026-04-21 12:07:06,1776773226169,forevershining.org/my-account/designs/4081e18c-71ec-4195-be1d-64160e4d9d0f/buy,GET,_rsc=e8spb,200,4xspf-1776773226133-59ef58fde2e5,"Mozilla/5.0 (Windows NT 10.0; Win64; x64) AppleWebKit/537.36 (KHTML, like Gecko) Chrome/147.0.0.0 Safari/537.36",info,production,main,MISS,middleware,/my-account/designs/[id]/buy,forevershining.org,forevershining.org,dpl_FmFybDuJ2HRke53Hh61YZwPgNqxM,,,,,[designs] / status=200,prj_4XYEkpiIe4d3j7IvblgD3WXyKZq1,,,,,,,
2026-04-21 12:07:06,1776773226133,forevershining.org/my-account/designs/4081e18c-71ec-4195-be1d-64160e4d9d0f/buy,GET,_rsc=e8spb,200,4xspf-1776773226133-59ef58fde2e5,"Mozilla/5.0 (Windows NT 10.0; Win64; x64) AppleWebKit/537.36 (KHTML, like Gecko) Chrome/147.0.0.0 Safari/537.36",,production,main,MISS,middleware,middleware,forevershining.org,forevershining.org,dpl_FmFybDuJ2HRke53Hh61YZwPgNqxM,11,arn1,258,2048,,prj_4XYEkpiIe4d3j7IvblgD3WXyKZq1,,,01KPQYZQNS24V5KB7JPD7MYXK0,aYUaDrUnrttq,1,,
2026-04-21 12:07:06,1776773226133,forevershining.org/my-account/designs/4081e18c-71ec-4195-be1d-64160e4d9d0f/buy,GET,_rsc=e8spb,200,4xspf-1776773226133-59ef58fde2e5,"Mozilla/5.0 (Windows NT 10.0; Win64; x64) AppleWebKit/537.36 (KHTML, like Gecko) Chrome/147.0.0.0 Safari/537.36",,production,main,MISS,function,/my-account/designs/[id]/buy.rsc,forevershining.org,forevershining.org,dpl_FmFybDuJ2HRke53Hh61YZwPgNqxM,762,iad1,283,2048,,prj_4XYEkpiIe4d3j7IvblgD3WXyKZq1,,,01KPQYZQRPS06E07A35BR73559,sdQ5JDv0ki6x,1,,
2026-04-21 12:07:06,1776773226132,forevershining.org/my-account/designs/3da283be-bb70-4685-b38f-d2975e1610cb,GET,_rsc=e8spb,200,qf8xg-1776773226132-ea172ad6435a,"Mozilla/5.0 (Windows NT 10.0; Win64; x64) AppleWebKit/537.36 (KHTML, like Gecko) Chrome/147.0.0.0 Safari/537.36",,production,main,MISS,middleware,middleware,forevershining.org,next-app-router-playground-64118899t-forevershiningas-projects.vercel.app,dpl_FmFybDuJ2HRke53Hh61YZwPgNqxM,39,arn1,251,2048,,prj_4XYEkpiIe4d3j7IvblgD3WXyKZq1,,,01KPQYZQMRKGD4ME9ZN7D3H1BZ,vBBtQQg5YpDK,1,,
2026-04-21 12:07:06,1776773226132,forevershining.org/my-account/designs/3da283be-bb70-4685-b38f-d2975e1610cb,GET,_rsc=e8spb,200,qf8xg-1776773226132-ea172ad6435a,"Mozilla/5.0 (Windows NT 10.0; Win64; x64) AppleWebKit/537.36 (KHTML, like Gecko) Chrome/147.0.0.0 Safari/537.36",,production,main,MISS,function,/my-account/designs/[id].rsc,forevershining.org,next-app-router-playground-64118899t-forevershiningas-projects.vercel.app,dpl_FmFybDuJ2HRke53Hh61YZwPgNqxM,810,iad1,287,2048,,prj_4XYEkpiIe4d3j7IvblgD3WXyKZq1,,,01KPQYZQR52TB58VJMQGP1WRCN,wLIQhc6CYjj1,1,,
2026-04-21 12:07:06,1776773226322,forevershining.org/my-account/designs/3da283be-bb70-4685-b38f-d2975e1610cb/buy,GET,_rsc=e8spb,200,d2ng8-1776773226132-92959215da43,"Mozilla/5.0 (Windows NT 10.0; Win64; x64) AppleWebKit/537.36 (KHTML, like Gecko) Chrome/147.0.0.0 Safari/537.36",info,production,main,MISS,middleware,/my-account/designs/[id]/buy,forevershining.org,forevershining.org,dpl_FmFybDuJ2HRke53Hh61YZwPgNqxM,,,,,[designs] / status=200,prj_4XYEkpiIe4d3j7IvblgD3WXyKZq1,,,,,,,
2026-04-21 12:07:06,1776773226132,forevershining.org/my-account/designs/3da283be-bb70-4685-b38f-d2975e1610cb/buy,GET,_rsc=e8spb,200,d2ng8-1776773226132-92959215da43,"Mozilla/5.0 (Windows NT 10.0; Win64; x64) AppleWebKit/537.36 (KHTML, like Gecko) Chrome/147.0.0.0 Safari/537.36",,production,main,MISS,middleware,middleware,forevershining.org,forevershining.org,dpl_FmFybDuJ2HRke53Hh61YZwPgNqxM,12,arn1,258,2048,,prj_4XYEkpiIe4d3j7IvblgD3WXyKZq1,,,01KPQYZQTJ4XEMEC99GG51GCP3,Jq6w9ENTtbZA,1,,
2026-04-21 12:07:06,1776773226132,forevershining.org/my-account/designs/3da283be-bb70-4685-b38f-d2975e1610cb/buy,GET,_rsc=e8spb,200,d2ng8-1776773226132-92959215da43,"Mozilla/5.0 (Windows NT 10.0; Win64; x64) AppleWebKit/537.36 (KHTML, like Gecko) Chrome/147.0.0.0 Safari/537.36",,production,main,MISS,function,/my-account/designs/[id]/buy.rsc,forevershining.org,forevershining.org,dpl_FmFybDuJ2HRke53Hh61YZwPgNqxM,13,iad1,289,2048,,prj_4XYEkpiIe4d3j7IvblgD3WXyKZq1,,,01KPQYZQX8BYH8BW0WZ43HQK1C,epIzle6nu2t5,1,,
2026-04-21 12:07:03,1776773223944,forevershining.org/api/projects,GET,limit=20,200,6f7lm-1776773223944-98b24f86f218,"Mozilla/5.0 (Windows NT 10.0; Win64; x64) AppleWebKit/537.36 (KHTML, like Gecko) Chrome/147.0.0.0 Safari/537.36",,production,main,MISS,function,/api/projects,forevershining.org,next-app-router-playground-cd97gca5h-forevershiningas-projects.vercel.app,dpl_7vfPc96z5pgCkEyRubEk2eL9fQ5j,1278,iad1,305,2048,,prj_4XYEkpiIe4d3j7IvblgD3WXyKZq1,,,01KPQYZNK3F5TK0KF1VC8F8TZY,BIhFSgbaEh9I,1,,
2026-04-21 12:07:03,1776773223944,forevershining.org/api/projects,GET,limit=20,200,6f7lm-1776773223944-98b24f86f218,"Mozilla/5.0 (Windows NT 10.0; Win64; x64) AppleWebKit/537.36 (KHTML, like Gecko) Chrome/147.0.0.0 Safari/537.36",,production,main,MISS,middleware,middleware,forevershining.org,next-app-router-playground-cd97gca5h-forevershiningas-projects.vercel.app,dpl_7vfPc96z5pgCkEyRubEk2eL9fQ5j,9,arn1,272,2048,,prj_4XYEkpiIe4d3j7IvblgD3WXyKZq1,,,01KPQYZNGHP25166SX37QFFD1T,2AW7io90J6Ug,1,,
2026-04-21 12:07:03,1776773223731,forevershining.org/api/auth/session,GET,,200,wzhgt-1776773223731-9a691f7845a8,"Mozilla/5.0 (Windows NT 10.0; Win64; x64) AppleWebKit/537.36 (KHTML, like Gecko) Chrome/147.0.0.0 Safari/537.36",,production,main,MISS,function,/api/auth/session,forevershining.org,next-app-router-playground-cd97gca5h-forevershiningas-projects.vercel.app,dpl_7vfPc96z5pgCkEyRubEk2eL9fQ5j,11,iad1,286,2048,,prj_4XYEkpiIe4d3j7IvblgD3WXyKZq1,,,01KPQYZNCJ95C4961H0GWC2ERW,BIhFSgbaEh9I,1,,
2026-04-21 12:07:03,1776773223731,forevershining.org/api/auth/session,GET,,200,wzhgt-1776773223731-9a691f7845a8,"Mozilla/5.0 (Windows NT 10.0; Win64; x64) AppleWebKit/537.36 (KHTML, like Gecko) Chrome/147.0.0.0 Safari/537.36",,production,main,MISS,middleware,middleware,forevershining.org,next-app-router-playground-cd97gca5h-forevershiningas-projects.vercel.app,dpl_7vfPc96z5pgCkEyRubEk2eL9fQ5j,11,arn1,271,2048,,prj_4XYEkpiIe4d3j7IvblgD3WXyKZq1,,,01KPQYZNA4HSWBFXR7CH39VDCC,2AW7io90J6Ug,1,,
2026-04-21 12:07:03,1776773223539,forevershining.org/my-account/details,GET,_rsc=e8spb,200,zwh27-1776773223539-8dd6297ff065,"Mozilla/5.0 (Windows NT 10.0; Win64; x64) AppleWebKit/537.36 (KHTML, like Gecko) Chrome/147.0.0.0 Safari/537.36",,production,main,HIT,middleware,middleware,forevershining.org,next-app-router-playground-64118899t-forevershiningas-projects.vercel.app,dpl_FmFybDuJ2HRke53Hh61YZwPgNqxM,532,arn1,256,2048,,prj_4XYEkpiIe4d3j7IvblgD3WXyKZq1,,,01KPQYZN40QDV2AJTQ87SVZ0SM,vBBtQQg5YpDK,1,,
2026-04-21 12:07:03,1776773223539,forevershining.org/my-account/details,GET,_rsc=e8spb,200,zwh27-1776773223539-8dd6297ff065,"Mozilla/5.0 (Windows NT 10.0; Win64; x64) AppleWebKit/537.36 (KHTML, like Gecko) Chrome/147.0.0.0 Safari/537.36",,production,main,HIT,static,/my-account/details,forevershining.org,next-app-router-playground-64118899t-forevershiningas-projects.vercel.app,dpl_FmFybDuJ2HRke53Hh61YZwPgNqxM,834,arn1,,,,prj_4XYEkpiIe4d3j7IvblgD3WXyKZq1,,,,,,,
2026-04-21 12:07:03,1776773223539,forevershining.org/privacy,GET,_rsc=e8spb,404,f7ccb-1776773223539-b8a94e00fe00,"Mozilla/5.0 (Windows NT 10.0; Win64; x64) AppleWebKit/537.36 (KHTML, like Gecko) Chrome/147.0.0.0 Safari/537.36",,production,main,HIT,middleware,middleware,forevershining.org,next-app-router-playground-64118899t-forevershiningas-projects.vercel.app,dpl_FmFybDuJ2HRke53Hh61YZwPgNqxM,10,arn1,257,2048,,prj_4XYEkpiIe4d3j7IvblgD3WXyKZq1,,,01KPQYZN4TSFTFB4D7QDRCKX5P,aYUaDrUnrttq,1,,
2026-04-21 12:07:03,1776773223539,forevershining.org/privacy,GET,_rsc=e8spb,404,f7ccb-1776773223539-b8a94e00fe00,"Mozilla/5.0 (Windows NT 10.0; Win64; x64) AppleWebKit/537.36 (KHTML, like Gecko) Chrome/147.0.0.0 Safari/537.36",,production,main,HIT,static,/404,forevershining.org,next-app-router-playground-64118899t-forevershiningas-projects.vercel.app,dpl_FmFybDuJ2HRke53Hh61YZwPgNqxM,68,arn1,,,,prj_4XYEkpiIe4d3j7IvblgD3WXyKZq1,,,,,,,
2026-04-21 12:07:03,1776773223539,forevershining.org/my-account/invoice,GET,_rsc=e8spb,200,bjjtn-1776773223539-4c3d29822c52,"Mozilla/5.0 (Windows NT 10.0; Win64; x64) AppleWebKit/537.36 (KHTML, like Gecko) Chrome/147.0.0.0 Safari/537.36",,production,main,HIT,middleware,middleware,forevershining.org,next-app-router-playground-64118899t-forevershiningas-projects.vercel.app,dpl_FmFybDuJ2HRke53Hh61YZwPgNqxM,10,arn1,256,2048,,prj_4XYEkpiIe4d3j7IvblgD3WXyKZq1,,,01KPQYZN40QDV2AJTQ89MM6R14,aYUaDrUnrttq,1,,
2026-04-21 12:07:03,1776773223539,forevershining.org/my-account/invoice,GET,_rsc=e8spb,200,bjjtn-1776773223539-4c3d29822c52,"Mozilla/5.0 (Windows NT 10.0; Win64; x64) AppleWebKit/537.36 (KHTML, like Gecko) Chrome/147.0.0.0 Safari/537.36",,production,main,HIT,static,/my-account/invoice,forevershining.org,next-app-router-playground-64118899t-forevershiningas-projects.vercel.app,dpl_FmFybDuJ2HRke53Hh61YZwPgNqxM,307,arn1,,,,prj_4XYEkpiIe4d3j7IvblgD3WXyKZq1,,,,,,,
2026-04-21 12:07:03,1776773223537,forevershining.org/orders,GET,_rsc=e8spb,200,rtcf5-1776773223537-f642cfa99d27,"Mozilla/5.0 (Windows NT 10.0; Win64; x64) AppleWebKit/537.36 (KHTML, like Gecko) Chrome/147.0.0.0 Safari/537.36",,production,main,HIT,middleware,middleware,forevershining.org,next-app-router-playground-64118899t-forevershiningas-projects.vercel.app,dpl_FmFybDuJ2HRke53Hh61YZwPgNqxM,13,arn1,257,2048,,prj_4XYEkpiIe4d3j7IvblgD3WXyKZq1,,,01KPQYZN3ZY50ZY7PT9BHZ8D9R,aYUaDrUnrttq,1,,
2026-04-21 12:07:03,1776773223537,forevershining.org/orders,GET,_rsc=e8spb,200,rtcf5-1776773223537-f642cfa99d27,"Mozilla/5.0 (Windows NT 10.0; Win64; x64) AppleWebKit/537.36 (KHTML, like Gecko) Chrome/147.0.0.0 Safari/537.36",,production,main,HIT,static,/orders,forevershining.org,next-app-router-playground-64118899t-forevershiningas-projects.vercel.app,dpl_FmFybDuJ2HRke53Hh61YZwPgNqxM,671,arn1,,,,prj_4XYEkpiIe4d3j7IvblgD3WXyKZq1,,,,,,,
2026-04-21 12:07:03,1776773223531,forevershining.org/api/auth/session,GET,,200,f7ccb-1776773223531-11e8d8883b8d,"Mozilla/5.0 (Windows NT 10.0; Win64; x64) AppleWebKit/537.36 (KHTML, like Gecko) Chrome/147.0.0.0 Safari/537.36",,production,main,MISS,function,/api/auth/session,forevershining.org,next-app-router-playground-cd97gca5h-forevershiningas-projects.vercel.app,dpl_7vfPc96z5pgCkEyRubEk2eL9fQ5j,11,iad1,286,2048,,prj_4XYEkpiIe4d3j7IvblgD3WXyKZq1,,,01KPQYZN63E91GZ02PT056YKXC,BIhFSgbaEh9I,1,,
2026-04-21 12:07:03,1776773223531,forevershining.org/api/auth/session,GET,,200,f7ccb-1776773223531-11e8d8883b8d,"Mozilla/5.0 (Windows NT 10.0; Win64; x64) AppleWebKit/537.36 (KHTML, like Gecko) Chrome/147.0.0.0 Safari/537.36",,production,main,MISS,middleware,middleware,forevershining.org,next-app-router-playground-cd97gca5h-forevershiningas-projects.vercel.app,dpl_7vfPc96z5pgCkEyRubEk2eL9fQ5j,8,arn1,271,2048,,prj_4XYEkpiIe4d3j7IvblgD3WXyKZq1,,,01KPQYZN3PZZBBJS1FB453GVZ6,2AW7io90J6Ug,1,,
2026-04-21 12:07:03,1776773223531,forevershining.org/api/auth/session,GET,,200,8nklm-1776773223531-d9d9673ad9df,"Mozilla/5.0 (Windows NT 10.0; Win64; x64) AppleWebKit/537.36 (KHTML, like Gecko) Chrome/147.0.0.0 Safari/537.36",,production,main,MISS,function,/api/auth/session,forevershining.org,next-app-router-playground-cd97gca5h-forevershiningas-projects.vercel.app,dpl_7vfPc96z5pgCkEyRubEk2eL9fQ5j,14,iad1,286,2048,,prj_4XYEkpiIe4d3j7IvblgD3WXyKZq1,,,01KPQYZNBGW8AJ8WE9W8HH502N,BIhFSgbaEh9I,1,,
2026-04-21 12:07:03,1776773223531,forevershining.org/api/auth/session,GET,,200,8nklm-1776773223531-d9d9673ad9df,"Mozilla/5.0 (Windows NT 10.0; Win64; x64) AppleWebKit/537.36 (KHTML, like Gecko) Chrome/147.0.0.0 Safari/537.36",,production,main,MISS,middleware,middleware,forevershining.org,next-app-router-playground-cd97gca5h-forevershiningas-projects.vercel.app,dpl_7vfPc96z5pgCkEyRubEk2eL9fQ5j,10,arn1,271,2048,,prj_4XYEkpiIe4d3j7IvblgD3WXyKZq1,,,01KPQYZN8CABBJEWH2A2T5EDMX,2AW7io90J6Ug,1,,
2026-04-21 12:07:02,1776773222731,forevershining.org/my-account,GET,_rsc=2qg22,200,qf8xg-1776773222731-237ac5966ff7,"Mozilla/5.0 (Windows NT 10.0; Win64; x64) AppleWebKit/537.36 (KHTML, like Gecko) Chrome/147.0.0.0 Safari/537.36",,production,main,PRERENDER,middleware,middleware,forevershining.org,next-app-router-playground-64118899t-forevershiningas-projects.vercel.app,dpl_FmFybDuJ2HRke53Hh61YZwPgNqxM,26,arn1,262,2048,,prj_4XYEkpiIe4d3j7IvblgD3WXyKZq1,,,01KPQYZMAVNWYTXT8CW6WKHTEE,aYUaDrUnrttq,1,,
2026-04-21 12:07:02,1776773222731,forevershining.org/my-account,GET,_rsc=2qg22,200,qf8xg-1776773222731-237ac5966ff7,"Mozilla/5.0 (Windows NT 10.0; Win64; x64) AppleWebKit/537.36 (KHTML, like Gecko) Chrome/147.0.0.0 Safari/537.36",,production,main,PRERENDER,static,/my-account,forevershining.org,next-app-router-playground-64118899t-forevershiningas-projects.vercel.app,dpl_FmFybDuJ2HRke53Hh61YZwPgNqxM,645,arn1,,,,prj_4XYEkpiIe4d3j7IvblgD3WXyKZq1,,,,,,,
2026-04-21 12:07:02,1776773222158,forevershining.org/api/projects,POST,,200,f7ccb-1776773218639-98ec74e91e99,"Mozilla/5.0 (Windows NT 10.0; Win64; x64) AppleWebKit/537.36 (KHTML, like Gecko) Chrome/147.0.0.0 Safari/537.36",error,production,main,MISS,function,/api/projects,forevershining.org,forevershining.org,dpl_7vfPc96z5pgCkEyRubEk2eL9fQ5j,,,,,"[Email] Send failed: Error: ENOENT: no such file or directory, open '/var/task/public/xml/countries24.xml'
    at <unknown> (.next/server/chunks/5166.js:1:23489)
    at k (.next/server/chunks/5166.js:1:24774)
    at r (.next/server/chunks/5166.js:1:5666)
    at l (.next/server/app/api/projects/route.js:1:9218)
    at async k (.next/server/app/api/projects/route.js:1:3616) {
  errno: -2,
  code: 'ENOENT',
  syscall: 'open',
  path: '/var/task/public/xml/countries24.xml'
}",prj_4XYEkpiIe4d3j7IvblgD3WXyKZq1,,,,,,,
2026-04-21 12:06:58,1776773218639,forevershining.org/api/projects,POST,,200,f7ccb-1776773218639-98ec74e91e99,"Mozilla/5.0 (Windows NT 10.0; Win64; x64) AppleWebKit/537.36 (KHTML, like Gecko) Chrome/147.0.0.0 Safari/537.36",,production,main,MISS,middleware,middleware,forevershining.org,forevershining.org,dpl_7vfPc96z5pgCkEyRubEk2eL9fQ5j,50,arn1,268,2048,,prj_4XYEkpiIe4d3j7IvblgD3WXyKZq1,,,01KPQYZGDYVDQ5XVEVTQD90H8J,2AW7io90J6Ug,1,,
2026-04-21 12:06:58,1776773218639,forevershining.org/api/projects,POST,,200,f7ccb-1776773218639-98ec74e91e99,"Mozilla/5.0 (Windows NT 10.0; Win64; x64) AppleWebKit/537.36 (KHTML, like Gecko) Chrome/147.0.0.0 Safari/537.36",,production,main,MISS,function,/api/projects,forevershining.org,forevershining.org,dpl_7vfPc96z5pgCkEyRubEk2eL9fQ5j,2591,iad1,286,2048,,prj_4XYEkpiIe4d3j7IvblgD3WXyKZq1,,,01KPQYZH7D3V66GW2F77EMAP87,BIhFSgbaEh9I,1,,
2026-04-21 12:06:51,1776773211704,forevershining.org/api/auth/session,GET,,200,gqc6k-1776773211704-556061291477,"Mozilla/5.0 (Windows NT 10.0; Win64; x64) AppleWebKit/537.36 (KHTML, like Gecko) Chrome/147.0.0.0 Safari/537.36",,production,main,MISS,middleware,middleware,forevershining.org,next-app-router-playground-cd97gca5h-forevershiningas-projects.vercel.app,dpl_7vfPc96z5pgCkEyRubEk2eL9fQ5j,9,arn1,264,2048,,prj_4XYEkpiIe4d3j7IvblgD3WXyKZq1,,,01KPQYZ9PFA9PZ7G4APGTV9MD3,2AW7io90J6Ug,1,,
2026-04-21 12:06:51,1776773211704,forevershining.org/api/auth/session,GET,,200,gqc6k-1776773211704-556061291477,"Mozilla/5.0 (Windows NT 10.0; Win64; x64) AppleWebKit/537.36 (KHTML, like Gecko) Chrome/147.0.0.0 Safari/537.36",,production,main,MISS,function,/api/auth/session,forevershining.org,next-app-router-playground-cd97gca5h-forevershiningas-projects.vercel.app,dpl_7vfPc96z5pgCkEyRubEk2eL9fQ5j,94,iad1,267,2048,,prj_4XYEkpiIe4d3j7IvblgD3WXyKZq1,,,01KPQYZ9ZV3ZW6P5XK477SQR6E,BIhFSgbaEh9I,1,,
2026-04-21 12:06:46,1776773206194,forevershining.org/design-menu,GET,_rsc=1kp3j,200,cx6qc-1776773206194-49762d9b8ad0,"Mozilla/5.0 (Windows NT 10.0; Win64; x64) AppleWebKit/537.36 (KHTML, like Gecko) Chrome/147.0.0.0 Safari/537.36",,production,main,HIT,middleware,middleware,forevershining.org,next-app-router-playground-64118899t-forevershiningas-projects.vercel.app,dpl_FmFybDuJ2HRke53Hh61YZwPgNqxM,35,arn1,262,2048,,prj_4XYEkpiIe4d3j7IvblgD3WXyKZq1,,,01KPQYZ469DZ6YRHQ706TQ3EYV,aYUaDrUnrttq,1,,
2026-04-21 12:06:46,1776773206194,forevershining.org/design-menu,GET,_rsc=1kp3j,200,cx6qc-1776773206194-49762d9b8ad0,"Mozilla/5.0 (Windows NT 10.0; Win64; x64) AppleWebKit/537.36 (KHTML, like Gecko) Chrome/147.0.0.0 Safari/537.36",,production,main,HIT,static,/design-menu,forevershining.org,next-app-router-playground-64118899t-forevershiningas-projects.vercel.app,dpl_FmFybDuJ2HRke53Hh61YZwPgNqxM,607,arn1,,,,prj_4XYEkpiIe4d3j7IvblgD3WXyKZq1,,,,,,,
2026-04-21 12:06:41,1776773201209,forevershining.org/xml/au_EN/motifs-engraved.xml,GET,,200,225mg-1776773201209-89526fe57fb1,"Mozilla/5.0 (Windows NT 10.0; Win64; x64) AppleWebKit/537.36 (KHTML, like Gecko) Chrome/147.0.0.0 Safari/537.36",,production,main,HIT,middleware,middleware,forevershining.org,next-app-router-playground-cd97gca5h-forevershiningas-projects.vercel.app,dpl_7vfPc96z5pgCkEyRubEk2eL9fQ5j,11,arn1,263,2048,,prj_4XYEkpiIe4d3j7IvblgD3WXyKZq1,,,01KPQYYZ9W2NYJ5VB0P9VCDHDE,2AW7io90J6Ug,1,,
2026-04-21 12:06:41,1776773201209,forevershining.org/xml/au_EN/motifs-engraved.xml,GET,,200,225mg-1776773201209-89526fe57fb1,"Mozilla/5.0 (Windows NT 10.0; Win64; x64) AppleWebKit/537.36 (KHTML, like Gecko) Chrome/147.0.0.0 Safari/537.36",,production,main,HIT,static,/xml/au_EN/motifs-engraved.xml,forevershining.org,next-app-router-playground-cd97gca5h-forevershiningas-projects.vercel.app,dpl_7vfPc96z5pgCkEyRubEk2eL9fQ5j,188,arn1,,,,prj_4XYEkpiIe4d3j7IvblgD3WXyKZq1,,,,,,,
2026-04-21 12:06:40,1776773200955,forevershining.org/xml/catalog-id-124.xml,GET,,200,pnjq6-1776773200955-d5244d4f7aed,"Mozilla/5.0 (Windows NT 10.0; Win64; x64) AppleWebKit/537.36 (KHTML, like Gecko) Chrome/147.0.0.0 Safari/537.36",,production,main,HIT,middleware,middleware,forevershining.org,next-app-router-playground-cd97gca5h-forevershiningas-projects.vercel.app,dpl_7vfPc96z5pgCkEyRubEk2eL9fQ5j,10,arn1,263,2048,,prj_4XYEkpiIe4d3j7IvblgD3WXyKZq1,,,01KPQYYZ2EW4A6PPM1GVK8HQR6,2AW7io90J6Ug,1,,
2026-04-21 12:06:40,1776773200955,forevershining.org/xml/catalog-id-124.xml,GET,,200,pnjq6-1776773200955-d5244d4f7aed,"Mozilla/5.0 (Windows NT 10.0; Win64; x64) AppleWebKit/537.36 (KHTML, like Gecko) Chrome/147.0.0.0 Safari/537.36",,production,main,HIT,static,/xml/catalog-id-124.xml,forevershining.org,next-app-router-playground-cd97gca5h-forevershiningas-projects.vercel.app,dpl_7vfPc96z5pgCkEyRubEk2eL9fQ5j,218,arn1,,,,prj_4XYEkpiIe4d3j7IvblgD3WXyKZq1,,,,,,,
2026-04-21 12:06:40,1776773200684,forevershining.org/designs/v2026-rollout-full-20260324-190828/1580214221341.json,GET,,200,qtgrg-1776773200684-5879a132082d,"Mozilla/5.0 (Windows NT 10.0; Win64; x64) AppleWebKit/537.36 (KHTML, like Gecko) Chrome/147.0.0.0 Safari/537.36",,production,main,HIT,middleware,middleware,forevershining.org,next-app-router-playground-cd97gca5h-forevershiningas-projects.vercel.app,dpl_7vfPc96z5pgCkEyRubEk2eL9fQ5j,9,arn1,263,2048,,prj_4XYEkpiIe4d3j7IvblgD3WXyKZq1,,,01KPQYYYSGHH9VYMDWR3KTYSEW,2AW7io90J6Ug,1,,
2026-04-21 12:06:40,1776773200684,forevershining.org/designs/v2026-rollout-full-20260324-190828/1580214221341.json,GET,,200,qtgrg-1776773200684-5879a132082d,"Mozilla/5.0 (Windows NT 10.0; Win64; x64) AppleWebKit/537.36 (KHTML, like Gecko) Chrome/147.0.0.0 Safari/537.36",,production,main,HIT,static,/designs/v2026-rollout-full-20260324-190828/1580214221341.json,forevershining.org,next-app-router-playground-cd97gca5h-forevershiningas-projects.vercel.app,dpl_7vfPc96z5pgCkEyRubEk2eL9fQ5j,237,arn1,,,,prj_4XYEkpiIe4d3j7IvblgD3WXyKZq1,,,,,,,
2026-04-21 12:06:37,1776773197502,forevershining.org/designs/v2026-p3d/1580214221341.json,GET,nxtPproductType=v2026-p3d&nxtPcategory=1580214221341.json,200,9cql6-1776773197502-701fda849e8a,"Mozilla/5.0 (Windows NT 10.0; Win64; x64) AppleWebKit/537.36 (KHTML, like Gecko) Chrome/147.0.0.0 Safari/537.36",,production,main,MISS,middleware,middleware,forevershining.org,next-app-router-playground-cd97gca5h-forevershiningas-projects.vercel.app,dpl_7vfPc96z5pgCkEyRubEk2eL9fQ5j,27,arn1,262,2048,,prj_4XYEkpiIe4d3j7IvblgD3WXyKZq1,,,01KPQYYVP6JECKN0SXP492MKF5,2AW7io90J6Ug,1,,
2026-04-21 12:06:37,1776773197502,forevershining.org/designs/v2026-p3d/1580214221341.json,GET,nxtPproductType=v2026-p3d&nxtPcategory=1580214221341.json,200,9cql6-1776773197502-701fda849e8a,"Mozilla/5.0 (Windows NT 10.0; Win64; x64) AppleWebKit/537.36 (KHTML, like Gecko) Chrome/147.0.0.0 Safari/537.36",,production,main,MISS,function,/designs/[productType]/[category],forevershining.org,next-app-router-playground-cd97gca5h-forevershiningas-projects.vercel.app,dpl_7vfPc96z5pgCkEyRubEk2eL9fQ5j,2491,iad1,378,2048,,prj_4XYEkpiIe4d3j7IvblgD3WXyKZq1,,,01KPQYYVYFH239VCYKWGE1YHTN,MhpUy0HYinyi,1,,
2026-04-21 12:06:01,1776773161982,forevershining.org/api/favorite-designs,GET,,200,jn75q-1776773161982-232461fe6c6a,"Mozilla/5.0 (Windows NT 10.0; Win64; x64) AppleWebKit/537.36 (KHTML, like Gecko) Chrome/147.0.0.0 Safari/537.36",,production,main,MISS,middleware,middleware,forevershining.org,next-app-router-playground-cd97gca5h-forevershiningas-projects.vercel.app,dpl_7vfPc96z5pgCkEyRubEk2eL9fQ5j,64,arn1,261,2048,,prj_4XYEkpiIe4d3j7IvblgD3WXyKZq1,,,01KPQYXS085SG8G275WMHR697M,2AW7io90J6Ug,1,,
2026-04-21 12:06:01,1776773161982,forevershining.org/api/favorite-designs,GET,,200,jn75q-1776773161982-232461fe6c6a,"Mozilla/5.0 (Windows NT 10.0; Win64; x64) AppleWebKit/537.36 (KHTML, like Gecko) Chrome/147.0.0.0 Safari/537.36",,production,main,MISS,function,/api/favorite-designs,forevershining.org,next-app-router-playground-cd97gca5h-forevershiningas-projects.vercel.app,dpl_7vfPc96z5pgCkEyRubEk2eL9fQ5j,166,iad1,265,2048,,prj_4XYEkpiIe4d3j7IvblgD3WXyKZq1,,,01KPQYXSAHA9SX8BPNEZ2Z40HJ,BIhFSgbaEh9I,1,,
2026-04-21 12:06:01,1776773161383,forevershining.org/select-size,GET,_rsc=1p588,200,zjfpz-1776773161383-13cb88319b81,"Mozilla/5.0 (Windows NT 10.0; Win64; x64) AppleWebKit/537.36 (KHTML, like Gecko) Chrome/147.0.0.0 Safari/537.36",,production,main,HIT,middleware,middleware,forevershining.org,next-app-router-playground-64118899t-forevershiningas-projects.vercel.app,dpl_FmFybDuJ2HRke53Hh61YZwPgNqxM,10,arn1,260,2048,,prj_4XYEkpiIe4d3j7IvblgD3WXyKZq1,,,01KPQYXRDKXYYXFZRBBNPTMNNV,aYUaDrUnrttq,1,,
2026-04-21 12:06:01,1776773161383,forevershining.org/select-size,GET,_rsc=1p588,200,zjfpz-1776773161383-13cb88319b81,"Mozilla/5.0 (Windows NT 10.0; Win64; x64) AppleWebKit/537.36 (KHTML, like Gecko) Chrome/147.0.0.0 Safari/537.36",,production,main,HIT,static,/select-size,forevershining.org,next-app-router-playground-64118899t-forevershiningas-projects.vercel.app,dpl_FmFybDuJ2HRke53Hh61YZwPgNqxM,526,arn1,,,,prj_4XYEkpiIe4d3j7IvblgD3WXyKZq1,,,,,,,
2026-04-21 12:05:59,1776773159705,forevershining.org/select-material,GET,_rsc=1h445,200,qmbhx-1776773159705-fcc2ffe84f03,"Mozilla/5.0 (Windows NT 10.0; Win64; x64) AppleWebKit/537.36 (KHTML, like Gecko) Chrome/147.0.0.0 Safari/537.36",,production,main,MISS,middleware,middleware,forevershining.org,next-app-router-playground-64118899t-forevershiningas-projects.vercel.app,dpl_FmFybDuJ2HRke53Hh61YZwPgNqxM,11,arn1,260,2048,,prj_4XYEkpiIe4d3j7IvblgD3WXyKZq1,,,01KPQYXPRYHPYB00NE9H5JV6M9,aYUaDrUnrttq,1,,
2026-04-21 12:05:59,1776773159705,forevershining.org/select-material,GET,_rsc=1h445,200,qmbhx-1776773159705-fcc2ffe84f03,"Mozilla/5.0 (Windows NT 10.0; Win64; x64) AppleWebKit/537.36 (KHTML, like Gecko) Chrome/147.0.0.0 Safari/537.36",,production,main,MISS,function,/select-material.rsc,forevershining.org,next-app-router-playground-64118899t-forevershiningas-projects.vercel.app,dpl_FmFybDuJ2HRke53Hh61YZwPgNqxM,19,iad1,323,2048,,prj_4XYEkpiIe4d3j7IvblgD3WXyKZq1,,,01KPQYXPVD1S7NY8PVEJAPCX3Q,rfydRAn65GL3,1,,
2026-04-21 12:05:57,1776773157252,forevershining.org/designs,GET,_rsc=3lb4g,200,tg5d5-1776773157252-29f51532dfbb,"Mozilla/5.0 (Windows NT 10.0; Win64; x64) AppleWebKit/537.36 (KHTML, like Gecko) Chrome/147.0.0.0 Safari/537.36",,production,main,MISS,function,/designs.rsc,forevershining.org,next-app-router-playground-64118899t-forevershiningas-projects.vercel.app,dpl_FmFybDuJ2HRke53Hh61YZwPgNqxM,949,iad1,323,2048,,prj_4XYEkpiIe4d3j7IvblgD3WXyKZq1,,,01KPQYXMF828Y62MKHD7939RBB,rfydRAn65GL3,1,,
2026-04-21 12:05:57,1776773157252,forevershining.org/designs,GET,_rsc=3lb4g,200,tg5d5-1776773157252-29f51532dfbb,"Mozilla/5.0 (Windows NT 10.0; Win64; x64) AppleWebKit/537.36 (KHTML, like Gecko) Chrome/147.0.0.0 Safari/537.36",,production,main,MISS,middleware,middleware,forevershining.org,next-app-router-playground-64118899t-forevershiningas-projects.vercel.app,dpl_FmFybDuJ2HRke53Hh61YZwPgNqxM,13,arn1,260,2048,,prj_4XYEkpiIe4d3j7IvblgD3WXyKZq1,,,01KPQYXMCTHAG0JBNP2EX5J2YD,aYUaDrUnrttq,1,,
2026-04-21 12:05:59,1776773159898,forevershining.org/select-product,GET,_rsc=3lb4g,200,pnjq6-1776773157252-27f5b0a42cd5,"Mozilla/5.0 (Windows NT 10.0; Win64; x64) AppleWebKit/537.36 (KHTML, like Gecko) Chrome/147.0.0.0 Safari/537.36",error,production,main,STALE,function,/select-product,forevershining.org,forevershining.org,dpl_FmFybDuJ2HRke53Hh61YZwPgNqxM,,,,,"Failed to load languages XML: Error: ENOENT: no such file or directory, open '/var/task/public/xml/us_EN/languages24.xml'
    at async (.next/server/app/select-product/page.js:1:18413)
    at async D (.next/server/app/select-product/page.js:1:23324)
    at async (.next/server/app/select-product/page.js:1:24043) {
  errno: -2,
  code: 'ENOENT',
  syscall: 'open',
  path: '/var/task/public/xml/us_EN/languages24.xml'
}",prj_4XYEkpiIe4d3j7IvblgD3WXyKZq1,,,,,,,
2026-04-21 12:05:59,1776773159899,forevershining.org/select-product,GET,_rsc=3lb4g,200,pnjq6-1776773157252-27f5b0a42cd5,"Mozilla/5.0 (Windows NT 10.0; Win64; x64) AppleWebKit/537.36 (KHTML, like Gecko) Chrome/147.0.0.0 Safari/537.36",error,production,main,STALE,function,/select-product,forevershining.org,forevershining.org,dpl_FmFybDuJ2HRke53Hh61YZwPgNqxM,,,,,"Failed to load catalog XML for product 4: Error: ENOENT: no such file or directory, open '/var/task/public/xml/catalog-id-4.xml'
    at async (.next/server/app/select-product/page.js:1:18622)
    at async (.next/server/app/select-product/page.js:1:19920)
    at async (.next/server/app/select-product/page.js:1:21369)
    at async v (.next/server/app/select-product/page.js:1:21325)
    at async (.next/server/app/select-product/page.js:1:24043) {
  errno: -2,
  code: 'ENOENT',
  syscall: 'open',
  path: '/var/task/public/xml/catalog-id-4.xml'
}",prj_4XYEkpiIe4d3j7IvblgD3WXyKZq1,,,,,,,
2026-04-21 12:05:59,1776773159900,forevershining.org/select-product,GET,_rsc=3lb4g,200,pnjq6-1776773157252-27f5b0a42cd5,"Mozilla/5.0 (Windows NT 10.0; Win64; x64) AppleWebKit/537.36 (KHTML, like Gecko) Chrome/147.0.0.0 Safari/537.36",error,production,main,STALE,function,/select-product,forevershining.org,forevershining.org,dpl_FmFybDuJ2HRke53Hh61YZwPgNqxM,,,,,"Failed to load catalog XML for product 5: Error: ENOENT: no such file or directory, open '/var/task/public/xml/catalog-id-5.xml'
    at async (.next/server/app/select-product/page.js:1:18622)
    at async (.next/server/app/select-product/page.js:1:19920)
    at async (.next/server/app/select-product/page.js:1:21369)
    at async v (.next/server/app/select-product/page.js:1:21325)
    at async (.next/server/app/select-product/page.js:1:24043) {
  errno: -2,
  code: 'ENOENT',
  syscall: 'open',
  path: '/var/task/public/xml/catalog-id-5.xml'
}",prj_4XYEkpiIe4d3j7IvblgD3WXyKZq1,,,,,,,
2026-04-21 12:05:59,1776773159901,forevershining.org/select-product,GET,_rsc=3lb4g,200,pnjq6-1776773157252-27f5b0a42cd5,"Mozilla/5.0 (Windows NT 10.0; Win64; x64) AppleWebKit/537.36 (KHTML, like Gecko) Chrome/147.0.0.0 Safari/537.36",error,production,main,STALE,function,/select-product,forevershining.org,forevershining.org,dpl_FmFybDuJ2HRke53Hh61YZwPgNqxM,,,,,"Failed to load catalog XML for product 22: Error: ENOENT: no such file or directory, open '/var/task/public/xml/catalog-id-22.xml'
    at async (.next/server/app/select-product/page.js:1:18622)
    at async (.next/server/app/select-product/page.js:1:19920)
    at async (.next/server/app/select-product/page.js:1:21369)
    at async v (.next/server/app/select-product/page.js:1:21325)
    at async (.next/server/app/select-product/page.js:1:24043) {
  errno: -2,
  code: 'ENOENT',
  syscall: 'open',
  path: '/var/task/public/xml/catalog-id-22.xml'
}",prj_4XYEkpiIe4d3j7IvblgD3WXyKZq1,,,,,,,
2026-04-21 12:05:59,1776773159901,forevershining.org/select-product,GET,_rsc=3lb4g,200,pnjq6-1776773157252-27f5b0a42cd5,"Mozilla/5.0 (Windows NT 10.0; Win64; x64) AppleWebKit/537.36 (KHTML, like Gecko) Chrome/147.0.0.0 Safari/537.36",error,production,main,STALE,function,/select-product,forevershining.org,forevershining.org,dpl_FmFybDuJ2HRke53Hh61YZwPgNqxM,,,,,"Failed to load catalog XML for product 30: Error: ENOENT: no such file or directory, open '/var/task/public/xml/catalog-id-30.xml'
    at async (.next/server/app/select-product/page.js:1:18622)
    at async (.next/server/app/select-product/page.js:1:19920)
    at async (.next/server/app/select-product/page.js:1:21369)
    at async v (.next/server/app/select-product/page.js:1:21325)
    at async (.next/server/app/select-product/page.js:1:24043) {
  errno: -2,
  code: 'ENOENT',
  syscall: 'open',
  path: '/var/task/public/xml/catalog-id-30.xml'
}",prj_4XYEkpiIe4d3j7IvblgD3WXyKZq1,,,,,,,
2026-04-21 12:05:59,1776773159902,forevershining.org/select-product,GET,_rsc=3lb4g,200,pnjq6-1776773157252-27f5b0a42cd5,"Mozilla/5.0 (Windows NT 10.0; Win64; x64) AppleWebKit/537.36 (KHTML, like Gecko) Chrome/147.0.0.0 Safari/537.36",error,production,main,STALE,function,/select-product,forevershining.org,forevershining.org,dpl_FmFybDuJ2HRke53Hh61YZwPgNqxM,,,,,"Failed to load catalog XML for product 32: Error: ENOENT: no such file or directory, open '/var/task/public/xml/catalog-id-32.xml'
    at async (.next/server/app/select-product/page.js:1:18622)
    at async (.next/server/app/select-product/page.js:1:19920)
    at async (.next/server/app/select-product/page.js:1:21369)
    at async v (.next/server/app/select-product/page.js:1:21325)
    at async (.next/server/app/select-product/page.js:1:24043) {
  errno: -2,
  code: 'ENOENT',
  syscall: 'open',
  path: '/var/task/public/xml/catalog-id-32.xml'
}",prj_4XYEkpiIe4d3j7IvblgD3WXyKZq1,,,,,,,
2026-04-21 12:05:59,1776773159903,forevershining.org/select-product,GET,_rsc=3lb4g,200,pnjq6-1776773157252-27f5b0a42cd5,"Mozilla/5.0 (Windows NT 10.0; Win64; x64) AppleWebKit/537.36 (KHTML, like Gecko) Chrome/147.0.0.0 Safari/537.36",error,production,main,STALE,function,/select-product,forevershining.org,forevershining.org,dpl_FmFybDuJ2HRke53Hh61YZwPgNqxM,,,,,"Failed to load catalog XML for product 34: Error: ENOENT: no such file or directory, open '/var/task/public/xml/catalog-id-34.xml'
    at async (.next/server/app/select-product/page.js:1:18622)
    at async (.next/server/app/select-product/page.js:1:19920)
    at async (.next/server/app/select-product/page.js:1:21369)
    at async v (.next/server/app/select-product/page.js:1:21325)
    at async (.next/server/app/select-product/page.js:1:24043) {
  errno: -2,
  code: 'ENOENT',
  syscall: 'open',
  path: '/var/task/public/xml/catalog-id-34.xml'
}",prj_4XYEkpiIe4d3j7IvblgD3WXyKZq1,,,,,,,
2026-04-21 12:05:59,1776773159904,forevershining.org/select-product,GET,_rsc=3lb4g,200,pnjq6-1776773157252-27f5b0a42cd5,"Mozilla/5.0 (Windows NT 10.0; Win64; x64) AppleWebKit/537.36 (KHTML, like Gecko) Chrome/147.0.0.0 Safari/537.36",error,production,main,STALE,function,/select-product,forevershining.org,forevershining.org,dpl_FmFybDuJ2HRke53Hh61YZwPgNqxM,,,,,"Failed to load catalog XML for product 52: Error: ENOENT: no such file or directory, open '/var/task/public/xml/catalog-id-52.xml'
    at async (.next/server/app/select-product/page.js:1:18622)
    at async (.next/server/app/select-product/page.js:1:19920)
    at async (.next/server/app/select-product/page.js:1:21369)
    at async v (.next/server/app/select-product/page.js:1:21325)
    at async (.next/server/app/select-product/page.js:1:24043) {
  errno: -2,
  code: 'ENOENT',
  syscall: 'open',
  path: '/var/task/public/xml/catalog-id-52.xml'
}",prj_4XYEkpiIe4d3j7IvblgD3WXyKZq1,,,,,,,
2026-04-21 12:05:59,1776773159904,forevershining.org/select-product,GET,_rsc=3lb4g,200,pnjq6-1776773157252-27f5b0a42cd5,"Mozilla/5.0 (Windows NT 10.0; Win64; x64) AppleWebKit/537.36 (KHTML, like Gecko) Chrome/147.0.0.0 Safari/537.36",error,production,main,STALE,function,/select-product,forevershining.org,forevershining.org,dpl_FmFybDuJ2HRke53Hh61YZwPgNqxM,,,,,"Failed to load catalog XML for product 124: Error: ENOENT: no such file or directory, open '/var/task/public/xml/catalog-id-124.xml'
    at async (.next/server/app/select-product/page.js:1:18622)
    at async (.next/server/app/select-product/page.js:1:19920)
    at async (.next/server/app/select-product/page.js:1:21369)
    at async v (.next/server/app/select-product/page.js:1:21325)
    at async (.next/server/app/select-product/page.js:1:24043) {
  errno: -2,
  code: 'ENOENT',
  syscall: 'open',
  path: '/var/task/public/xml/catalog-id-124.xml'
}",prj_4XYEkpiIe4d3j7IvblgD3WXyKZq1,,,,,,,
2026-04-21 12:05:59,1776773159905,forevershining.org/select-product,GET,_rsc=3lb4g,200,pnjq6-1776773157252-27f5b0a42cd5,"Mozilla/5.0 (Windows NT 10.0; Win64; x64) AppleWebKit/537.36 (KHTML, like Gecko) Chrome/147.0.0.0 Safari/537.36",error,production,main,STALE,function,/select-product,forevershining.org,forevershining.org,dpl_FmFybDuJ2HRke53Hh61YZwPgNqxM,,,,,"Failed to load catalog XML for product 100: Error: ENOENT: no such file or directory, open '/var/task/public/xml/catalog-id-100.xml'
    at async (.next/server/app/select-product/page.js:1:18622)
    at async (.next/server/app/select-product/page.js:1:19920)
    at async (.next/server/app/select-product/page.js:1:21369)
    at async v (.next/server/app/select-product/page.js:1:21325)
    at async (.next/server/app/select-product/page.js:1:24043) {
  errno: -2,
  code: 'ENOENT',
  syscall: 'open',
  path: '/var/task/public/xml/catalog-id-100.xml'
}",prj_4XYEkpiIe4d3j7IvblgD3WXyKZq1,,,,,,,
2026-04-21 12:05:59,1776773159905,forevershining.org/select-product,GET,_rsc=3lb4g,200,pnjq6-1776773157252-27f5b0a42cd5,"Mozilla/5.0 (Windows NT 10.0; Win64; x64) AppleWebKit/537.36 (KHTML, like Gecko) Chrome/147.0.0.0 Safari/537.36",error,production,main,STALE,function,/select-product,forevershining.org,forevershining.org,dpl_FmFybDuJ2HRke53Hh61YZwPgNqxM,,,,,"Failed to load catalog XML for product 101: Error: ENOENT: no such file or directory, open '/var/task/public/xml/catalog-id-101.xml'
    at async (.next/server/app/select-product/page.js:1:18622)
    at async (.next/server/app/select-product/page.js:1:19920)
    at async (.next/server/app/select-product/page.js:1:21369)
    at async v (.next/server/app/select-product/page.js:1:21325)
    at async (.next/server/app/select-product/page.js:1:24043) {
  errno: -2,
  code: 'ENOENT',
  syscall: 'open',
  path: '/var/task/public/xml/catalog-id-101.xml'
}",prj_4XYEkpiIe4d3j7IvblgD3WXyKZq1,,,,,,,
2026-04-21 12:05:57,1776773157252,forevershining.org/select-product,GET,_rsc=3lb4g,200,pnjq6-1776773157252-27f5b0a42cd5,"Mozilla/5.0 (Windows NT 10.0; Win64; x64) AppleWebKit/537.36 (KHTML, like Gecko) Chrome/147.0.0.0 Safari/537.36",,production,main,STALE,middleware,middleware,forevershining.org,forevershining.org,dpl_FmFybDuJ2HRke53Hh61YZwPgNqxM,11,arn1,260,2048,,prj_4XYEkpiIe4d3j7IvblgD3WXyKZq1,,,01KPQYXMD0X8VHGA2ZNWM43VDF,aYUaDrUnrttq,1,,
2026-04-21 12:05:57,1776773157252,forevershining.org/select-product,GET,_rsc=3lb4g,200,pnjq6-1776773157252-27f5b0a42cd5,"Mozilla/5.0 (Windows NT 10.0; Win64; x64) AppleWebKit/537.36 (KHTML, like Gecko) Chrome/147.0.0.0 Safari/537.36",,production,main,STALE,function,/select-product.rsc,forevershining.org,forevershining.org,dpl_FmFybDuJ2HRke53Hh61YZwPgNqxM,2805,iad1,356,2048,,prj_4XYEkpiIe4d3j7IvblgD3WXyKZq1,,,01KPQYXNFP9Z5ERFR8G55GJMKM,Os7MxNv0seGP,1,,
2026-04-21 12:05:57,1776773157252,forevershining.org/select-product,GET,_rsc=3lb4g,200,pnjq6-1776773157252-27f5b0a42cd5,"Mozilla/5.0 (Windows NT 10.0; Win64; x64) AppleWebKit/537.36 (KHTML, like Gecko) Chrome/147.0.0.0 Safari/537.36",,production,main,STALE,static,/select-product,forevershining.org,forevershining.org,dpl_FmFybDuJ2HRke53Hh61YZwPgNqxM,507,arn1,,,,prj_4XYEkpiIe4d3j7IvblgD3WXyKZq1,,,,,,,
2026-04-21 12:05:55,1776773155774,forevershining.org/,GET,_rsc=e8spb,200,c8mhr-1776773155774-eef967ae04c4,"Mozilla/5.0 (Windows NT 10.0; Win64; x64) AppleWebKit/537.36 (KHTML, like Gecko) Chrome/147.0.0.0 Safari/537.36",,production,main,HIT,middleware,middleware,forevershining.org,next-app-router-playground-64118899t-forevershiningas-projects.vercel.app,dpl_FmFybDuJ2HRke53Hh61YZwPgNqxM,482,arn1,256,2048,,prj_4XYEkpiIe4d3j7IvblgD3WXyKZq1,,,01KPQYXJZJ396NJ3D1MZN8SN6M,aYUaDrUnrttq,1,,
2026-04-21 12:05:55,1776773155774,forevershining.org/,GET,_rsc=e8spb,200,c8mhr-1776773155774-eef967ae04c4,"Mozilla/5.0 (Windows NT 10.0; Win64; x64) AppleWebKit/537.36 (KHTML, like Gecko) Chrome/147.0.0.0 Safari/537.36",,production,main,HIT,static,/index,forevershining.org,next-app-router-playground-64118899t-forevershiningas-projects.vercel.app,dpl_FmFybDuJ2HRke53Hh61YZwPgNqxM,1153,arn1,,,,prj_4XYEkpiIe4d3j7IvblgD3WXyKZq1,,,,,,,
